user_id,source,service,date
030jmk,github_search_users.csv,github.com,2023-09-08
030jmk,manual_users.csv,github.com,2023-09-08
87surendra,manual_users.csv,github.com,2023-09-08
a-klaus,github_search_users.csv,github.com,2023-09-08
a-klaus,manual_users.csv,github.com,2023-09-08
a-moi,manual_users.csv,github.com,2023-09-08
abdelwahab86,manual_users.csv,github.com,2023-09-08
abrarhasinkml,github_search_users.csv,github.com,2023-09-08
abrarhasinkml,manual_users.csv,github.com,2023-09-08
adrian-abendroth,github_search_users.csv,github.com,2023-09-08
adrian-abendroth,manual_users.csv,github.com,2023-09-08
adrian-ziupka,github_search_repo.csv,github.com,2023-09-08
adrian-ziupka,manual_users.csv,github.com,2023-09-08
aeye-lab,github_search_users.csv,github.com,2023-09-08
aeye-lab,manual_users.csv,github.com,2023-09-08
aionbe,github_search_users.csv,github.com,2023-09-08
aionbe,manual_users.csv,github.com,2023-09-08
alaa-noor,github_search_users.csv,github.com,2023-09-08
alaa-noor,manual_users.csv,github.com,2023-09-08
alecamcr,github_search_repo.csv,github.com,2023-09-08
alecamcr,manual_users.csv,github.com,2023-09-08
alexanderc360,github_search_users.csv,github.com,2023-09-08
alexanderc360,manual_users.csv,github.com,2023-09-08
alexkli,manual_users.csv,github.com,2023-09-08
alexkorga,manual_users.csv,github.com,2023-09-08
alfeezy,manual_users.csv,github.com,2023-09-08
alisher-turubayev,github_search_repo.csv,github.com,2023-09-08
alisher-turubayev,manual_users.csv,github.com,2023-09-08
almqvest,manual_users.csv,github.com,2023-09-08
alsino,github_search_repo.csv,github.com,2023-09-08
alsino,manual_users.csv,github.com,2023-09-08
alyonavyshnevska,github_search_repo.csv,github.com,2023-09-08
alyonavyshnevska,manual_users.csv,github.com,2023-09-08
anjakatzenberger,manual_users.csv,github.com,2023-09-08
annameide,github_search_repo.csv,github.com,2023-09-08
annameide,github_search_users.csv,github.com,2023-09-08
annameide,manual_users.csv,github.com,2023-09-08
aodenweller,manual_users.csv,github.com,2023-09-08
arne-cl,research_org_commits.csv,github,2023-09-08
askir,manual_users.csv,github.com,2023-09-08
astaup-it,github_search_users.csv,github.com,2023-09-08
astaup-it,manual_users.csv,github.com,2023-09-08
avitbhowmik,github_search_repo.csv,github.com,2023-09-08
avitbhowmik,manual_users.csv,github.com,2023-09-08
azarozo19,github_search_users.csv,github.com,2023-09-08
azarozo19,manual_users.csv,github.com,2023-09-08
azuhr,manual_users.csv,github.com,2023-09-08
baschdl,research_org_commits.csv,github,2023-09-08
baudisch,manual_users.csv,github.com,2023-09-08
benlowit,manual_users.csv,github.com,2023-09-08
bgailleton,manual_users.csv,github.com,2023-09-08
bglaetzer,manual_users.csv,github.com,2023-09-08
bgroenks96,manual_users.csv,github.com,2023-09-08
blblblu,manual_users.csv,github.com,2023-09-08
bmarv,github_search_repo.csv,github.com,2023-09-08
bmarv,manual_users.csv,github.com,2023-09-08
bodobookhagen,manual_users.csv,github.com,2023-09-08
bostame,github_search_users.csv,github.com,2023-09-08
bostame,manual_users.csv,github.com,2023-09-08
boundter,github_search_repo.csv,github.com,2023-09-08
boundter,manual_users.csv,github.com,2023-09-08
bptlab,github_search_users.csv,github.com,2023-09-08
bptlab,manual_users.csv,github.com,2023-09-08
braunfuss,manual_users.csv,github.com,2023-09-08
brechtknecht,github_search_repo.csv,github.com,2023-09-08
brechtknecht,github_search_users.csv,github.com,2023-09-08
brechtknecht,manual_users.csv,github.com,2023-09-08
briemadu,github_search_repo.csv,github.com,2023-09-08
briemadu,manual_users.csv,github.com,2023-09-08
captainunbrauchbar,github_search_users.csv,github.com,2023-09-08
captainunbrauchbar,manual_users.csv,github.com,2023-09-08
charliederhund,github_search_users.csv,github.com,2023-09-08
charliederhund,manual_users.csv,github.com,2023-09-08
chpfaff98,github_search_users.csv,github.com,2023-09-08
chpfaff98,manual_users.csv,github.com,2023-09-08
chrisyanluc,github_search_users.csv,github.com,2023-09-08
chrisyanluc,manual_users.csv,github.com,2023-09-08
clemenskubach,github_search_users.csv,github.com,2023-09-08
clemenskubach,manual_users.csv,github.com,2023-09-08
crpiceda,github_search_repo.csv,github.com,2023-09-08
crpiceda,manual_users.csv,github.com,2023-09-08
cslm-lab,github_search_users.csv,github.com,2023-09-08
cslm-lab,manual_users.csv,github.com,2023-09-08
ctiedt,manual_users.csv,github.com,2023-09-08
d3vilgames,manual_users.csv,github.com,2023-09-08
dagtann,github_search_repo.csv,github.com,2023-09-08
dagtann,manual_users.csv,github.com,2023-09-08
damariszurell,github_search_repo.csv,github.com,2023-09-08
damariszurell,manual_users.csv,github.com,2023-09-08
danielemaselli,github_search_users.csv,github.com,2023-09-08
danielemaselli,manual_users.csv,github.com,2023-09-08
danieljanko98,github_search_users.csv,github.com,2023-09-08
danieljanko98,manual_users.csv,github.com,2023-09-08
danielrm84,github_search_repo.csv,github.com,2023-09-08
danielrm84,manual_users.csv,github.com,2023-09-08
daqinghou,github_search_users.csv,github.com,2023-09-08
daqinghou,manual_users.csv,github.com,2023-09-08
datascienceup,manual_users.csv,github.com,2023-09-08
davidleonhard,github_search_users.csv,github.com,2023-09-08
davidleonhard,manual_users.csv,github.com,2023-09-08
davidschlangen,github_search_users.csv,github.com,2023-09-08
davidschlangen,manual_users.csv,github.com,2023-09-08
delwarhub,manual_users.csv,github.com,2023-09-08
deux9,github_search_repo.csv,github.com,2023-09-08
diego-dam,github_search_repo.csv,github.com,2023-09-08
diego-dam,manual_users.csv,github.com,2023-09-08
diego635,github_search_users.csv,github.com,2023-09-08
diego635,manual_users.csv,github.com,2023-09-08
dieknolle3333,manual_users.csv,github.com,2023-09-08
disc0erg0sum,github_search_repo.csv,github.com,2023-09-08
disc0erg0sum,manual_users.csv,github.com,2023-09-08
discourse-lab,github_search_users.csv,github.com,2023-09-08
discourse-lab,manual_users.csv,github.com,2023-09-08
dmrwal,manual_users.csv,github.com,2023-09-08
domoritz,github_search_repo.csv,github.com,2023-09-08
domoritz,manual_users.csv,github.com,2023-09-08
dorisjovovic,manual_users.csv,github.com,2023-09-08
dudderle,github_search_repo.csv,github.com,2023-09-08
duyhung-nguyen,manual_users.csv,github.com,2023-09-08
e-zolotarevskaya,manual_users.csv,github.com,2023-09-08
edward-loves-github,manual_users.csv,github.com,2023-09-08
eileenkammel,github_search_users.csv,github.com,2023-09-08
eileenkammel,manual_users.csv,github.com,2023-09-08
ekaterinailin,github_search_repo.csv,github.com,2023-09-08
ekaterinailin,manual_users.csv,github.com,2023-09-08
emmanuel-mueller,manual_users.csv,github.com,2023-09-08
encotric,github_search_users.csv,github.com,2023-09-08
encotric,manual_users.csv,github.com,2023-09-08
everornever,manual_users.csv,github.com,2023-09-08
ezair,manual_users.csv,github.com,2023-09-08
fahaddeshmukh,manual_users.csv,github.com,2023-09-08
falkmaximilian,github_search_users.csv,github.com,2023-09-08
falkmaximilian,manual_users.csv,github.com,2023-09-08
felix-naumann,manual_users.csv,github.com,2023-09-08
felixdombek,research_org_commits.csv,github,2023-09-08
ff6347,github_search_repo.csv,github.com,2023-09-08
ff6347,manual_users.csv,github.com,2023-09-08
fh-potsdam,github_search_repo.csv,github.com,2023-09-08
fh-potsdam,manual_users.csv,github.com,2023-09-08
flgebhardt,github_search_users.csv,github.com,2023-09-08
flgebhardt,manual_users.csv,github.com,2023-09-08
flxw,github_search_repo.csv,github.com,2023-09-08
flxw,manual_users.csv,github.com,2023-09-08
flyboys,manual_users.csv,github.com,2023-09-08
flying-bear,github_search_repo.csv,github.com,2023-09-08
flying-bear,manual_users.csv,github.com,2023-09-08
fmalerba,manual_users.csv,github.com,2023-09-08
fosler,github_search_users.csv,github.com,2023-09-08
fosler,manual_users.csv,github.com,2023-09-08
fpottbaecker,research_org_commits.csv,github,2023-09-08
frcroth,manual_users.csv,github.com,2023-09-08
freenerd,github_search_repo.csv,github.com,2023-09-08
freenerd,manual_users.csv,github.com,2023-09-08
fsr-de,github_search_repo.csv,github.com,2023-09-08
fsr-de,github_search_users.csv,github.com,2023-09-08
fsr-de,manual_users.csv,github.com,2023-09-08
georgt99,github_search_users.csv,github.com,2023-09-08
georgt99,manual_users.csv,github.com,2023-09-08
geveh,github_search_repo.csv,github.com,2023-09-08
geveh,manual_users.csv,github.com,2023-09-08
goldencm,github_search_users.csv,github.com,2023-09-08
goldencm,manual_users.csv,github.com,2023-09-08
gregwisenoah,manual_users.csv,github.com,2023-09-08
grpranto,manual_users.csv,github.com,2023-09-08
gue-ros,manual_users.csv,github.com,2023-09-08
gunnar-pik,manual_users.csv,github.com,2023-09-08
gustavmogull,manual_users.csv,github.com,2023-09-08
gwastro-2019,manual_users.csv,github.com,2023-09-08
hackpotsdam,manual_users.csv,github.com,2023-09-08
hallerp,research_org_commits.csv,github,2023-09-08
hannesharnisch,manual_users.csv,github.com,2023-09-08
hasso-plattner-institute,github_search_users.csv,github.com,2023-09-08
hatschito,github_search_users.csv,github.com,2023-09-08
hatschito,manual_users.csv,github.com,2023-09-08
hazem0803,manual_users.csv,github.com,2023-09-08
heiko-etzold,github_search_repo.csv,github.com,2023-09-08
henninggaertner,manual_users.csv,github.com,2023-09-08
heyhen,manual_users.csv,github.com,2023-09-08
hgl0,github_search_repo.csv,github.com,2023-09-08
hgl0,manual_users.csv,github.com,2023-09-08
hkraemer,manual_users.csv,github.com,2023-09-08
hpi-sam,github_search_repo.csv,github.com,2023-09-08
hpi-sam,manual_users.csv,github.com,2023-09-08
hpimakerklub,manual_users.csv,github.com,2023-09-08
hsleonis,github_search_users.csv,github.com,2023-09-08
hsleonis,manual_users.csv,github.com,2023-09-08
hugo-robalino,github_search_users.csv,github.com,2023-09-08
hugo-robalino,manual_users.csv,github.com,2023-09-08
hydrogo,github_search_users.csv,github.com,2023-09-08
hydrogo,manual_users.csv,github.com,2023-09-08
iliakur,github_search_repo.csv,github.com,2023-09-08
iliakur,manual_users.csv,github.com,2023-09-08
itakouna,github_search_users.csv,github.com,2023-09-08
itakouna,manual_users.csv,github.com,2023-09-08
itsnotyou,github_search_repo.csv,github.com,2023-09-08
itsnotyou,manual_users.csv,github.com,2023-09-08
iuliia-mozhina,github_search_users.csv,github.com,2023-09-08
iuliia-mozhina,manual_users.csv,github.com,2023-09-08
ivanspirandelli,github_search_repo.csv,github.com,2023-09-08
ivanspirandelli,manual_users.csv,github.com,2023-09-08
jakobchwastek,research_org_commits.csv,github,2023-09-08
jakobwalter,manual_users.csv,github.com,2023-09-08
jan-wilhelm,manual_users.csv,github.com,2023-09-08
janalexxxx,github_search_repo.csv,github.com,2023-09-08
janalexxxx,manual_users.csv,github.com,2023-09-08
janametz2023,manual_users.csv,github.com,2023-09-08
janikraue,github_search_repo.csv,github.com,2023-09-08
janikraue,manual_users.csv,github.com,2023-09-08
jannametz,github_search_users.csv,github.com,2023-09-08
jannametz,manual_users.csv,github.com,2023-09-08
jbspeakr,github_search_repo.csv,github.com,2023-09-08
jbspeakr,manual_users.csv,github.com,2023-09-08
jembach,manual_users.csv,github.com,2023-09-08
jenniferpohle,github_search_users.csv,github.com,2023-09-08
jenniferpohle,manual_users.csv,github.com,2023-09-08
jesse292cmd,manual_users.csv,github.com,2023-09-08
jgontrum,github_search_repo.csv,github.com,2023-09-08
jgontrum,manual_users.csv,github.com,2023-09-08
jhilaire,manual_users.csv,github.com,2023-09-08
jmm-b,github_search_users.csv,github.com,2023-09-08
jmm-b,manual_users.csv,github.com,2023-09-08
josues,github_search_repo.csv,github.com,2023-09-08
josues,manual_users.csv,github.com,2023-09-08
jrehwaldt,github_search_repo.csv,github.com,2023-09-08
jrehwaldt,manual_users.csv,github.com,2023-09-08
jujara,github_search_repo.csv,github.com,2023-09-08
jujara,manual_users.csv,github.com,2023-09-08
julians,github_search_repo.csv,github.com,2023-09-08
julians,manual_users.csv,github.com,2023-09-08
juliusgarbe,manual_users.csv,github.com,2023-09-08
justtil,manual_users.csv,github.com,2023-09-08
katjakon,github_search_repo.csv,github.com,2023-09-08
katrinsch,research_org_commits.csv,github,2023-09-08
kekeritz,github_search_repo.csv,github.com,2023-09-08
kekeritz,manual_users.csv,github.com,2023-09-08
kglauer,manual_users.csv,github.com,2023-09-08
klausdufke,github_search_users.csv,github.com,2023-09-08
klausdufke,manual_users.csv,github.com,2023-09-08
knit-bee,github_search_repo.csv,github.com,2023-09-08
knit-bee,manual_users.csv,github.com,2023-09-08
krono,github_search_repo.csv,github.com,2023-09-08
krono,manual_users.csv,github.com,2023-09-08
krr-up,github_search_users.csv,github.com,2023-09-08
krr-up,manual_users.csv,github.com,2023-09-08
krsticm,manual_users.csv,github.com,2023-09-08
kryptokommunist,research_org_commits.csv,github,2023-09-08
kushal-10,github_search_repo.csv,github.com,2023-09-08
kushal-10,manual_users.csv,github.com,2023-09-08
kuzminadya,github_search_repo.csv,github.com,2023-09-08
kuzminadya,manual_users.csv,github.com,2023-09-08
laura-riedel,research_org_commits.csv,github,2023-09-08
lenabolliger,research_org_commits.csv,github,2023-09-08
lenajaeger,research_org_commits.csv,github,2023-09-08
leonhermann322,manual_users.csv,github.com,2023-09-08
leooleh,github_search_repo.csv,github.com,2023-09-08
leooleh,manual_users.csv,github.com,2023-09-08
linusha,github_search_repo.csv,github.com,2023-09-08
linusha,manual_users.csv,github.com,2023-09-08
lucashoeft,github_search_repo.csv,github.com,2023-09-08
lucashoeft,manual_users.csv,github.com,2023-09-08
lucasliebe,github_search_users.csv,github.com,2023-09-08
lucasliebe,manual_users.csv,github.com,2023-09-08
ludwigfrank,github_search_repo.csv,github.com,2023-09-08
ludwigfrank,manual_users.csv,github.com,2023-09-08
ma-hansen,github_search_users.csv,github.com,2023-09-08
ma-hansen,manual_users.csv,github.com,2023-09-08
maibrittbergh,github_search_users.csv,github.com,2023-09-08
maibrittbergh,manual_users.csv,github.com,2023-09-08
maikbilling,manual_users.csv,github.com,2023-09-08
majorsl,github_search_users.csv,github.com,2023-09-08
majorsl,manual_users.csv,github.com,2023-09-08
maltezimmermann,github_search_users.csv,github.com,2023-09-08
maltezimmermann,manual_users.csv,github.com,2023-09-08
manuelsteincke,github_search_repo.csv,github.com,2023-09-08
manuelsteincke,manual_users.csv,github.com,2023-09-08
martinhtrauth,manual_users.csv,github.com,2023-09-08
matthiashimmelmann,github_search_users.csv,github.com,2023-09-08
matthiashimmelmann,manual_users.csv,github.com,2023-09-08
maxifischer,manual_users.csv,github.com,2023-09-08
maximilian-gelbrecht,manual_users.csv,github.com,2023-09-08
maxostrowski,research_org_commits.csv,github,2023-09-08
maxseidler,github_search_users.csv,github.com,2023-09-08
maxseidler,manual_users.csv,github.com,2023-09-08
maxtillich,manual_users.csv,github.com,2023-09-08
mcvidomi,manual_users.csv,github.com,2023-09-08
mgx01,manual_users.csv,github.com,2023-09-08
miduku,github_search_repo.csv,github.com,2023-09-08
miduku,manual_users.csv,github.com,2023-09-08
miroslavvitkov,github_search_repo.csv,github.com,2023-09-08
miroslavvitkov,manual_users.csv,github.com,2023-09-08
mittelmark,github_search_repo.csv,github.com,2023-09-08
mittelmark,github_search_users.csv,github.com,2023-09-08
mittelmark,manual_users.csv,github.com,2023-09-08
mlcogup,github_search_users.csv,github.com,2023-09-08
mlcogup,manual_users.csv,github.com,2023-09-08
mmrabe,github_search_users.csv,github.com,2023-09-08
mmrabe,manual_users.csv,github.com,2023-09-08
mohseniaref,manual_users.csv,github.com,2023-09-08
muenchman,github_search_repo.csv,github.com,2023-09-08
muenchman,manual_users.csv,github.com,2023-09-08
namehzj,github_search_users.csv,github.com,2023-09-08
namehzj,manual_users.csv,github.com,2023-09-08
nandini-eso,manual_users.csv,github.com,2023-09-08
nazaninbm,github_search_users.csv,github.com,2023-09-08
nazaninbm,manual_users.csv,github.com,2023-09-08
nhoose,github_search_users.csv,github.com,2023-09-08
nhoose,manual_users.csv,github.com,2023-09-08
niccokunzmann,research_org_commits.csv,github,2023-09-08
nickpodratz,github_search_repo.csv,github.com,2023-09-08
nickpodratz,manual_users.csv,github.com,2023-09-08
niconico6,manual_users.csv,github.com,2023-09-08
niklhart,github_search_repo.csv,github.com,2023-09-08
niklhart,manual_users.csv,github.com,2023-09-08
nils-schmitt,manual_users.csv,github.com,2023-09-08
ninaharlacher,github_search_users.csv,github.com,2023-09-08
ninaharlacher,manual_users.csv,github.com,2023-09-08
ninamohnke,manual_users.csv,github.com,2023-09-08
noahnawara,github_search_repo.csv,github.com,2023-09-08
noahnawara,manual_users.csv,github.com,2023-09-08
nonbinarywave,github_search_users.csv,github.com,2023-09-08
nonbinarywave,manual_users.csv,github.com,2023-09-08
omseeth,github_search_users.csv,github.com,2023-09-08
omseeth,manual_users.csv,github.com,2023-09-08
ost-observatory,github_search_users.csv,github.com,2023-09-08
ost-observatory,manual_users.csv,github.com,2023-09-08
owrel,github_search_repo.csv,github.com,2023-09-08
owrel,manual_users.csv,github.com,2023-09-08
pacman82,manual_users.csv,github.com,2023-09-08
patrickkloesel,manual_users.csv,github.com,2023-09-08
paulalisson,manual_users.csv,github.com,2023-09-08
paulinegayrin,manual_users.csv,github.com,2023-09-08
paulopu,github_search_users.csv,github.com,2023-09-08
paulopu,manual_users.csv,github.com,2023-09-08
paulrozdeba,github_search_users.csv,github.com,2023-09-08
paulrozdeba,manual_users.csv,github.com,2023-09-08
pedrosatorremulet,manual_users.csv,github.com,2023-09-08
peldszus,research_org_commits.csv,github,2023-09-08
pfischbeck,manual_users.csv,github.com,2023-09-08
philipp-bode,manual_users.csv,github.com,2023-09-08
piggiosauro,github_search_users.csv,github.com,2023-09-08
piggiosauro,manual_users.csv,github.com,2023-09-08
plauth,manual_users.csv,github.com,2023-09-08
pluehne,research_org_commits.csv,github,2023-09-08
poolbar,github_search_repo.csv,github.com,2023-09-08
poolbar,manual_users.csv,github.com,2023-09-08
potassco,github_search_users.csv,github.com,2023-09-08
potassco,manual_users.csv,github.com,2023-09-08
potsdamer-instrumentalisten,github_search_repo.csv,github.com,2023-09-08
potsdamer-instrumentalisten,manual_users.csv,github.com,2023-09-08
prassepaul,research_org_commits.csv,github,2023-09-08
problemsolvingio,github_search_repo.csv,github.com,2023-09-08
problemsolvingio,manual_users.csv,github.com,2023-09-08
psandhaas,manual_users.csv,github.com,2023-09-08
pschonev,github_search_repo.csv,github.com,2023-09-08
pschonev,manual_users.csv,github.com,2023-09-08
rafiberlin,github_search_users.csv,github.com,2023-09-08
rafiberlin,manual_users.csv,github.com,2023-09-08
ralfrothenberger,github_search_users.csv,github.com,2023-09-08
ralfrothenberger,manual_users.csv,github.com,2023-09-08
rbock,manual_users.csv,github.com,2023-09-08
resfahani,github_search_users.csv,github.com,2023-09-08
resfahani,manual_users.csv,github.com,2023-09-08
rherbrich74,manual_users.csv,github.com,2023-09-08
richilino,github_search_users.csv,github.com,2023-09-08
richilino,manual_users.csv,github.com,2023-09-08
rkaminsk,research_org_commits.csv,github,2023-09-08
rknaebel,manual_users.csv,github.com,2023-09-08
rmiddelanis,manual_users.csv,github.com,2023-09-08
rnschmdlr,manual_users.csv,github.com,2023-09-08
roberthirschfeld,manual_users.csv,github.com,2023-09-08
rokcestnik,github_search_repo.csv,github.com,2023-09-08
rokcestnik,manual_users.csv,github.com,2023-09-08
roshanrane,github_search_repo.csv,github.com,2023-09-08
roshanrane,manual_users.csv,github.com,2023-09-08
rullec,manual_users.csv,github.com,2023-09-08
s18neel,github_search_users.csv,github.com,2023-09-08
s18neel,manual_users.csv,github.com,2023-09-08
sarahkiener,research_org_commits.csv,github,2023-09-08
saswatdash1998,github_search_users.csv,github.com,2023-09-08
saswatdash1998,manual_users.csv,github.com,2023-09-08
sebas524,github_search_users.csv,github.com,2023-09-08
sebas524,manual_users.csv,github.com,2023-09-08
semanticmultimedia,github_search_users.csv,github.com,2023-09-08
semanticmultimedia,manual_users.csv,github.com,2023-09-08
semjonwilke,github_search_users.csv,github.com,2023-09-08
semjonwilke,manual_users.csv,github.com,2023-09-08
shadiouss,manual_users.csv,github.com,2023-09-08
shahriar-96,github_search_users.csv,github.com,2023-09-08
shahriar-96,manual_users.csv,github.com,2023-09-08
shuwen27,research_org_commits.csv,github,2023-09-08
simonestuenzi,manual_users.csv,github.com,2023-09-08
simonstadlinger,github_search_repo.csv,github.com,2023-09-08
siqube,research_org_commits.csv,github,2023-09-08
snagnar,manual_users.csv,github.com,2023-09-08
sodhinchu,github_search_users.csv,github.com,2023-09-08
sodhinchu,manual_users.csv,github.com,2023-09-08
soenbeier,manual_users.csv,github.com,2023-09-08
software-engineering-group-up,github_search_users.csv,github.com,2023-09-08
software-engineering-group-up,manual_users.csv,github.com,2023-09-08
soslavsk,github_search_users.csv,github.com,2023-09-08
soslavsk,manual_users.csv,github.com,2023-09-08
sthiele,research_org_commits.csv,github,2023-09-08
studierendenschaft,github_search_users.csv,github.com,2023-09-08
susuhahnml,manual_users.csv,github.com,2023-09-08
swilharm,github_search_users.csv,github.com,2023-09-08
swilharm,manual_users.csv,github.com,2023-09-08
szugyiedit,github_search_repo.csv,github.com,2023-09-08
szugyiedit,manual_users.csv,github.com,2023-09-08
tamaraatanasoska,github_search_repo.csv,github.com,2023-09-08
tamaraatanasoska,manual_users.csv,github.com,2023-09-08
tasmi,manual_users.csv,github.com,2023-09-08
tasnimul-unipotsdam,github_search_users.csv,github.com,2023-09-08
tasnimul-unipotsdam,manual_users.csv,github.com,2023-09-08
te3m,manual_users.csv,github.com,2023-09-08
tee994,github_search_repo.csv,github.com,2023-09-08
tee994,manual_users.csv,github.com,2023-09-08
thogaertner,github_search_users.csv,github.com,2023-09-08
thogaertner,manual_users.csv,github.com,2023-09-08
thomas-muench,manual_users.csv,github.com,2023-09-08
tillf,manual_users.csv,github.com,2023-09-08
tim-theenchanter,github_search_repo.csv,github.com,2023-09-08
tim-theenchanter,manual_users.csv,github.com,2023-09-08
timmate,github_search_users.csv,github.com,2023-09-08
timmate,manual_users.csv,github.com,2023-09-08
timrichter,github_search_repo.csv,github.com,2023-09-08
timrichter,manual_users.csv,github.com,2023-09-08
tobraun,manual_users.csv,github.com,2023-09-08
tortinator,research_org_commits.csv,github,2023-09-08
tortinator,manual_users.csv,github.com,2023-09-08
tscheffler,research_org_commits.csv,github,2023-09-08
tschirner,research_org_commits.csv,github,2023-09-08
tschlemm,manual_users.csv,github.com,2023-09-08
tzwenn,github_search_repo.csv,github.com,2023-09-08
ubpot,manual_users.csv,github.com,2023-09-08
university-of-potsdam-mm,github_search_repo.csv,github.com,2023-09-08
university-of-potsdam-mm,manual_users.csv,github.com,2023-09-08
up-macroecology,github_search_users.csv,github.com,2023-09-08
up-macroecology,manual_users.csv,github.com,2023-09-08
up-rs-esp,github_search_repo.csv,github.com,2023-09-08
up-rs-esp,github_search_users.csv,github.com,2023-09-08
up-rs-esp,manual_users.csv,github.com,2023-09-08
uplug,manual_users.csv,github.com,2023-09-08
vasishth,github_search_repo.csv,github.com,2023-09-08
vasishth,manual_users.csv,github.com,2023-09-08
vasishthlabor,github_search_repo.csv,github.com,2023-09-08
vasishthlabor,manual_users.csv,github.com,2023-09-08
verdeev,github_search_users.csv,github.com,2023-09-08
vykimo,github_search_repo.csv,github.com,2023-09-08
vykimo,manual_users.csv,github.com,2023-09-08
wanko,research_org_commits.csv,github,2023-09-08
warpaint97,github_search_repo.csv,github.com,2023-09-08
warpaint97,manual_users.csv,github.com,2023-09-08
wetterprophet,github_search_repo.csv,github.com,2023-09-08
wetterprophet,manual_users.csv,github.com,2023-09-08
whuiskamp,manual_users.csv,github.com,2023-09-08
wschwanghart,github_search_repo.csv,github.com,2023-09-08
wschwanghart,github_search_users.csv,github.com,2023-09-08
wschwanghart,manual_users.csv,github.com,2023-09-08
xarxaxdev,manual_users.csv,github.com,2023-09-08
xiaoxiangguangfz,github_search_repo.csv,github.com,2023-09-08
xiaoxiangguangfz,manual_users.csv,github.com,2023-09-08
yadavhimanshu059,github_search_users.csv,github.com,2023-09-08
yadavhimanshu059,manual_users.csv,github.com,2023-09-08
yanapalacheva,github_search_users.csv,github.com,2023-09-08
yanapalacheva,manual_users.csv,github.com,2023-09-08
yanweiser,github_search_repo.csv,github.com,2023-09-08
yanweiser,manual_users.csv,github.com,2023-09-08
yerkesoul,manual_users.csv,github.com,2023-09-08
yuxizhang11,manual_users.csv,github.com,2023-09-08
zentrum-lexikographie,github_search_repo.csv,github.com,2023-09-08
zentrum-lexikographie,manual_users.csv,github.com,2023-09-08
