user_id,date,service
hallerp,2023-09-06,github
jakobchwastek,2023-09-06,github
lenabolliger,2023-09-06,github
LenaJaeger,2023-09-06,github
prassepaul,2023-09-06,github
sarahkiener,2023-09-06,github
Shuwen27,2023-09-06,github
SiQube,2023-09-06,github
tschirner,2023-09-06,github
Baschdl,2023-09-08,github
fpottbaecker,2023-09-08,github
kryptokommunist,2023-09-08,github
niccokunzmann,2023-09-08,github
hallerp,2023-09-06,github
jakobchwastek,2023-09-06,github
lenabolliger,2023-09-06,github
LenaJaeger,2023-09-06,github
prassepaul,2023-09-06,github
sarahkiener,2023-09-06,github
Shuwen27,2023-09-06,github
SiQube,2023-09-06,github
tschirner,2023-09-06,github
laura-riedel,2023-09-06,github
arne-cl,2023-09-06,github
FelixDombek,2023-09-06,github
peldszus,2023-09-06,github
TScheffler,2023-09-06,github
sthiele,2023-09-06,github
MaxOstrowski,2023-09-06,github
pluehne,2023-09-06,github
rkaminsk,2023-09-06,github
sthiele,2023-09-06,github
tortinator,2023-09-06,github
wanko,2023-09-06,github
KatrinSch,2023-09-06,github