service,date,user_id
github.com,2023-07-20,mittelmark
github.com,2023-08-01,fsr-de
github.com,2023-08-01,hasso-plattner-institute
github.com,2023-08-01,jannametz
github.com,2023-08-01,Encotric
github.com,2023-08-01,verdeev
github.com,2023-08-01,Studierendenschaft
github.com,2023-08-01,Software-Engineering-Group-UP
github.com,2023-07-31,wschwanghart
github.com,2023-07-31,brechtknecht
github.com,2023-07-31,yadavhimanshu059
github.com,2023-07-31,potassco
github.com,2023-07-31,hsleonis
github.com,2023-07-31,hydrogo
github.com,2023-07-31,resfahani
github.com,2023-07-31,bptlab
github.com,2023-07-31,mmrabe
github.com,2023-07-31,CaptainUnbrauchbar
github.com,2023-07-31,maxseidler
github.com,2023-07-31,mittelmark
github.com,2023-07-31,davidschlangen
github.com,2023-07-31,DanieleMaselli
github.com,2023-07-31,discourse-lab
github.com,2023-07-31,a-klaus
github.com,2023-07-31,abrarhasinkml
github.com,2023-07-31,hatschito
github.com,2023-07-31,krr-up
github.com,2023-07-31,fsr-de
github.com,2023-07-31,Timmate
github.com,2023-07-31,alexanderc360
github.com,2023-07-31,SemjonWilke
github.com,2023-07-31,PaulOpu
github.com,2023-07-31,richilino
github.com,2023-07-31,UP-RS-ESP
github.com,2023-07-31,NAMEhzj
github.com,2023-07-31,jannametz
github.com,2023-07-31,annameide
github.com,2023-07-31,aeye-lab
github.com,2023-07-31,YanaPalacheva
github.com,2023-07-31,cslm-lab
github.com,2023-07-31,maibrittbergh
github.com,2023-07-31,itakouna
github.com,2023-07-31,ClemensKubach
github.com,2023-07-31,paulrozdeba
github.com,2023-07-31,Alaa-Noor
github.com,2023-07-31,lucasliebe
github.com,2023-07-31,Bostame
github.com,2023-07-31,georgt99
github.com,2023-07-31,030jmk
github.com,2023-07-31,rafiberlin
github.com,2023-07-31,sebas524
github.com,2023-07-31,majorsl
github.com,2023-07-31,thogaertner
github.com,2023-07-31,OST-Observatory
github.com,2023-07-31,UP-macroecology
github.com,2023-07-31,swilharm
github.com,2023-07-31,tasnimul-unipotsdam
github.com,2023-07-31,NHoose
github.com,2023-07-31,SaswatDash1998
github.com,2023-07-31,NinaHarlacher
github.com,2023-07-31,s18neel
github.com,2023-07-31,sodhinchu
github.com,2023-07-31,SemanticMultimedia
github.com,2023-07-31,JenniferPohle
github.com,2023-07-31,goldencm
github.com,2023-07-31,matthiashimmelmann
github.com,2023-07-31,MLCogUP
github.com,2023-07-31,Encotric
github.com,2023-07-31,eileenkammel
github.com,2023-07-31,Aionbe
github.com,2023-07-31,charliederhund
github.com,2023-07-31,FalkMaximilian
github.com,2023-07-31,RalfRothenberger
github.com,2023-07-31,Hugo-Robalino
github.com,2023-07-31,ChrisYanLuc
github.com,2023-07-31,daqinghou
github.com,2023-07-31,shahriar-96
github.com,2023-07-31,iuliia-mozhina
github.com,2023-07-31,Adrian-Abendroth
github.com,2023-07-31,DavidLeonhard
github.com,2023-07-31,NazaninBm
github.com,2023-07-31,Piggiosauro
github.com,2023-07-31,AStAUP-IT
github.com,2023-07-31,MalteZimmermann
github.com,2023-07-31,omseeth
github.com,2023-07-31,soslavsk
github.com,2023-07-31,nonbinarywave
github.com,2023-07-31,jmm-b
github.com,2023-07-31,Azarozo19
github.com,2023-07-31,Software-Engineering-Group-UP
github.com,2023-07-31,KlausDufke
github.com,2023-07-31,flgebhardt
github.com,2023-07-31,Ma-Hansen
github.com,2023-07-31,chpfaff98
github.com,2023-07-31,fosler
github.com,2023-07-31,danieljanko98
github.com,2023-07-31,Diego635