html_url_repository,file_location,date
https://github.com/Abdelwahab86/DEM-Analysis,node_modules/reveal.js/CONTRIBUTING.md,2023-09-11
https://github.com/abrarhasinkml/COVID-19BD,web-interface/vendors/Chart.js/CONTRIBUTING.md,2023-09-11
https://github.com/abrarhasinkml/COVID-19BD,web-interface/vendors/bootstrap/.github/CONTRIBUTING.md,2023-09-11
https://github.com/abrarhasinkml/COVID-19BD,web-interface/vendors/bootstrap/CODE_OF_CONDUCT.md,2023-09-11
https://github.com/aeye-lab/pymovements,CONTRIBUTING.md,2023-09-11
https://github.com/alexkli/helix-tutorial,CODE_OF_CONDUCT.md,2023-09-11
https://github.com/alexkli/helix-tutorial,CONTRIBUTING.md,2023-09-11
https://github.com/alsino/nyt-headlines,node_modules/bcrypt-pbkdf/CONTRIBUTING.md,2023-09-11
https://github.com/alsino/nyt-headlines,node_modules/jsprim/CONTRIBUTING.md,2023-09-11
https://github.com/alsino/nyt-headlines,node_modules/verror/CONTRIBUTING.md,2023-09-11
https://github.com/alyonavyshnevska/bert_for_coreference_resolution,src/bert/CONTRIBUTING.md,2023-09-11
https://github.com/bgailleton/DAGGER,wrappers/python/deployment/dagger/CONTRIBUTING.rst,2023-09-11
https://github.com/bgailleton/DAGGER,wrappers/python/deployment/dagger/docs/contributing.rst,2023-09-11
https://github.com/bgailleton/helplotlib,CONTRIBUTING.rst,2023-09-11
https://github.com/bgailleton/helplotlib,docs/contributing.rst,2023-09-11
https://github.com/Bostame/capture-market-price-of-Binance,node_modules/bcrypt-pbkdf/CONTRIBUTING.md,2023-09-11
https://github.com/Bostame/capture-market-price-of-Binance,node_modules/ccxt/CONTRIBUTING.md,2023-09-11
https://github.com/Bostame/capture-market-price-of-Binance,node_modules/crypto-js/CONTRIBUTING.md,2023-09-11
https://github.com/Bostame/capture-market-price-of-Binance,node_modules/jsprim/CONTRIBUTING.md,2023-09-11
https://github.com/Bostame/capture-market-price-of-Binance,node_modules/rx/contributing.md,2023-09-11
https://github.com/Bostame/capture-market-price-of-Binance,node_modules/verror/CONTRIBUTING.md,2023-09-11
https://github.com/Bostame/python-to-connect-binance-api,node_modules/ccxt/CONTRIBUTING.md,2023-09-11
https://github.com/Bostame/python-to-connect-binance-api,node_modules/crypto-js/CONTRIBUTING.md,2023-09-11
https://github.com/Bostame/python-to-connect-binance-api,node_modules/rx/contributing.md,2023-09-11
https://github.com/bptlab/ark_automate,.github/CODE_OF_CONDUCT.md,2023-09-11
https://github.com/bptlab/ark_automate,.github/CONTRIBUTING.md,2023-09-11
https://github.com/bptlab/chimera,CONTRIBUTING.md,2023-09-11
https://github.com/bptlab/data-based-process-variant-analysis,custom-ipyevents/CODE_OF_CONDUCT.md,2023-09-11
https://github.com/braunfuss/silvertine,CONTRIBUTING.md,2023-09-11
https://github.com/brechtknecht/FHP-Applaus,backend/CODE_OF_CONDUCT.md,2023-09-11
https://github.com/brechtknecht/FHP-Applaus,backend/CONTRIBUTING.md,2023-09-11
https://github.com/brechtknecht/FHP-Applaus,backend/user/plugins/admin/CONTRIBUTING.md,2023-09-11
https://github.com/brechtknecht/FHP-Speiseplan-Telegram-Bot,node_modules/bcrypt-pbkdf/CONTRIBUTING.md,2023-09-11
https://github.com/brechtknecht/FHP-Speiseplan-Telegram-Bot,node_modules/eslint-plugin-import/CONTRIBUTING.md,2023-09-11
https://github.com/brechtknecht/FHP-Speiseplan-Telegram-Bot,node_modules/jsprim/CONTRIBUTING.md,2023-09-11
https://github.com/brechtknecht/FHP-Speiseplan-Telegram-Bot,node_modules/verror/CONTRIBUTING.md,2023-09-11
https://github.com/brechtknecht/komet,node_modules/boom/CONTRIBUTING.md,2023-09-11
https://github.com/brechtknecht/komet,node_modules/concat-stream/node_modules/readable-stream/CONTRIBUTING.md,2023-09-11
https://github.com/brechtknecht/komet,node_modules/cp-file/node_modules/readable-stream/CONTRIBUTING.md,2023-09-11
https://github.com/brechtknecht/komet,node_modules/electron-packager/CONTRIBUTING.md,2023-09-11
https://github.com/brechtknecht/komet,node_modules/extract-zip/CONTRIBUTING.md,2023-09-11
https://github.com/brechtknecht/komet,node_modules/hoek/CONTRIBUTING.md,2023-09-11
https://github.com/brechtknecht/komet,node_modules/jsprim/CONTRIBUTING.md,2023-09-11
https://github.com/brechtknecht/komet,node_modules/verror/CONTRIBUTING.md,2023-09-11
https://github.com/brechtknecht/starter-kit-webpack-babel-liveserver,node_modules/escope/CONTRIBUTING.md,2023-09-11
https://github.com/brechtknecht/starter-kit-webpack-babel-liveserver,node_modules/eventsource/CONTRIBUTING.md,2023-09-11
https://github.com/brechtknecht/starter-kit-webpack-babel-liveserver,node_modules/fsevents/node_modules/boom/CONTRIBUTING.md,2023-09-11
https://github.com/brechtknecht/starter-kit-webpack-babel-liveserver,node_modules/fsevents/node_modules/hoek/CONTRIBUTING.md,2023-09-11
https://github.com/brechtknecht/starter-kit-webpack-babel-liveserver,node_modules/fsevents/node_modules/node-pre-gyp/contributing.md,2023-09-11
https://github.com/brechtknecht/starter-kit-webpack-babel-liveserver,node_modules/fsevents/node_modules/readable-stream/CONTRIBUTING.md,2023-09-11
https://github.com/brechtknecht/starter-kit-webpack-babel-liveserver,node_modules/loglevel/CONTRIBUTING.md,2023-09-11
https://github.com/brechtknecht/starter-kit-webpack-babel-liveserver,node_modules/readable-stream/CONTRIBUTING.md,2023-09-11
https://github.com/brechtknecht/starter-kit-webpack-babel-liveserver,node_modules/sockjs-client/node_modules/faye-websocket/CODE_OF_CONDUCT.md,2023-09-11
https://github.com/brechtknecht/umbrella,platforms/browser/cordova/node_modules/cordova-serve/node_modules/express/node_modules/qs/CONTRIBUTING.md,2023-09-11
https://github.com/brechtknecht/umbrella,platforms/browser/cordova/node_modules/nopt/node_modules/abbrev/CONTRIBUTING.md,2023-09-11
https://github.com/brechtknecht/umbrella,plugins/cordova-plugin-geolocation/CONTRIBUTING.md,2023-09-11
https://github.com/brechtknecht/umbrella,plugins/cordova-plugin-whitelist/CONTRIBUTING.md,2023-09-11
https://github.com/ctiedt/rogue-inc,CONTRIBUTING.md,2023-09-11
https://github.com/DavidLeonhard/github-slideshow,node_modules/reveal.js/CONTRIBUTING.md,2023-09-11
https://github.com/domoritz/arrow-tools,CONTRIBUTING.md,2023-09-11
https://github.com/domoritz/csv2arrow,CONTRIBUTING.md,2023-09-11
https://github.com/domoritz/csv2parquet,CONTRIBUTING.md,2023-09-11
https://github.com/fahaddeshmukh/Myfaker,CONTRIBUTING.md,2023-09-11
https://github.com/ff6347/.wilfred,github/.github/CONTRIBUTING.md,2023-09-11
https://github.com/FH-Potsdam/doing-papercraft,.github/CONTRIBUTING.md,2023-09-11
https://github.com/FH-Potsdam/google-sheets-page-generator,app/public/revealjs/CONTRIBUTING.md,2023-09-11
https://github.com/goldencm/rust-TypeSpeed,assets/fonts/CONTRIBUTING.txt,2023-09-11
https://github.com/grpranto/woocommerce_wordpress,wp-content/plugins/ocean-extra/includes/metabox/butterbean/contributing.md,2023-09-11
https://github.com/hsleonis/achitecture,cms/backend/web/assets/247cbc14/CONTRIBUTING.md,2023-09-11
https://github.com/hsleonis/achitecture,cms/backend/web/assets/24b8ce8e/CONTRIBUTING.md,2023-09-11
https://github.com/hsleonis/achitecture,cms/backend/web/assets/295f21d2/CONTRIBUTING.md,2023-09-11
https://github.com/hsleonis/achitecture,cms/backend/web/assets/35712afd/CONTRIBUTING.md,2023-09-11
https://github.com/hsleonis/achitecture,cms/backend/web/assets/5e11babf/CONTRIBUTING.md,2023-09-11
https://github.com/hsleonis/achitecture,cms/backend/web/assets/632bcb22/CONTRIBUTING.md,2023-09-11
https://github.com/hsleonis/achitecture,cms/backend/web/assets/7e1f412c/CONTRIBUTING.md,2023-09-11
https://github.com/hsleonis/achitecture,cms/backend/web/google-api-php-client-master/CONTRIBUTING.md,2023-09-11
https://github.com/hsleonis/achitecture,vendor/2amigos/yii2-tinymce-widget/CONTRIBUTING.md,2023-09-11
https://github.com/hsleonis/achitecture,vendor/bower/chained/CONTRIBUTING.md,2023-09-11
https://github.com/hsleonis/achitecture,vendor/bower/typeahead.js/CONTRIBUTING.md,2023-09-11
https://github.com/hsleonis/achitecture,vendor/cebe/markdown/CONTRIBUTING.md,2023-09-11
https://github.com/hsleonis/achitecture,vendor/fzaninotto/faker/CONTRIBUTING.md,2023-09-11
https://github.com/hsleonis/achitecture,vendor/kartik-v/yii2-widget-select2/lib/CONTRIBUTING.md,2023-09-11
https://github.com/hsleonis/achitecture,vendor/vova07/yii2-imperavi-widget/CONTRIBUTING.md,2023-09-11
https://github.com/hsleonis/basetech,cms/backend/web/assets/247cbc14/CONTRIBUTING.md,2023-09-11
https://github.com/hsleonis/basetech,cms/backend/web/assets/24b8ce8e/CONTRIBUTING.md,2023-09-11
https://github.com/hsleonis/basetech,cms/backend/web/assets/295f21d2/CONTRIBUTING.md,2023-09-11
https://github.com/hsleonis/basetech,cms/backend/web/assets/35712afd/CONTRIBUTING.md,2023-09-11
https://github.com/hsleonis/basetech,cms/backend/web/assets/43c1cc01/CONTRIBUTING.md,2023-09-11
https://github.com/hsleonis/basetech,cms/backend/web/assets/5e11babf/CONTRIBUTING.md,2023-09-11
https://github.com/hsleonis/basetech,cms/backend/web/assets/632bcb22/CONTRIBUTING.md,2023-09-11
https://github.com/hsleonis/basetech,cms/backend/web/assets/7e1f412c/CONTRIBUTING.md,2023-09-11
https://github.com/hsleonis/basetech,cms/backend/web/google-api-php-client-master/CONTRIBUTING.md,2023-09-11
https://github.com/hsleonis/basetech,node_modules/ngmaker/node_modules/cheerio/CONTRIBUTING.md,2023-09-11
https://github.com/hsleonis/basetech,node_modules/ngmaker/node_modules/nodegit/node_modules/node-pre-gyp/node_modules/nopt/node_modules/abbrev/CONTRIBUTING.md,2023-09-11
https://github.com/hsleonis/basetech,node_modules/ngmaker/node_modules/nodegit/node_modules/node-pre-gyp/node_modules/request/CONTRIBUTING.md,2023-09-11
https://github.com/hsleonis/basetech,node_modules/ngmaker/node_modules/nodegit/node_modules/node-pre-gyp/node_modules/request/node_modules/hawk/node_modules/boom/CONTRIBUTING.md,2023-09-11
https://github.com/hsleonis/basetech,node_modules/ngmaker/node_modules/nodegit/node_modules/node-pre-gyp/node_modules/request/node_modules/hawk/node_modules/hoek/CONTRIBUTING.md,2023-09-11
https://github.com/hsleonis/basetech,node_modules/ngmaker/node_modules/nodegit/node_modules/node-pre-gyp/node_modules/request/node_modules/qs/CONTRIBUTING.md,2023-09-11
https://github.com/hsleonis/basetech,node_modules/ngmaker/node_modules/nodegit/node_modules/npm/CONTRIBUTING.md,2023-09-11
https://github.com/hsleonis/basetech,node_modules/ngmaker/node_modules/nodegit/node_modules/npm/node_modules/abbrev/CONTRIBUTING.md,2023-09-11
https://github.com/hsleonis/basetech,node_modules/ngmaker/node_modules/nodegit/node_modules/npm/node_modules/request/CONTRIBUTING.md,2023-09-11
https://github.com/hsleonis/basetech,node_modules/ngmaker/node_modules/nodegit/node_modules/npm/node_modules/request/node_modules/hawk/node_modules/boom/CONTRIBUTING.md,2023-09-11
https://github.com/hsleonis/basetech,node_modules/ngmaker/node_modules/nodegit/node_modules/npm/node_modules/request/node_modules/hawk/node_modules/hoek/CONTRIBUTING.md,2023-09-11
https://github.com/hsleonis/basetech,node_modules/ngmaker/node_modules/nodegit/node_modules/npm/node_modules/request/node_modules/qs/CONTRIBUTING.md,2023-09-11
https://github.com/hsleonis/basetech,node_modules/ngmaker/node_modules/request/CONTRIBUTING.md,2023-09-11
https://github.com/hsleonis/basetech,node_modules/ngmaker/node_modules/request/node_modules/hawk/node_modules/boom/CONTRIBUTING.md,2023-09-11
https://github.com/hsleonis/basetech,node_modules/ngmaker/node_modules/request/node_modules/hawk/node_modules/hoek/CONTRIBUTING.md,2023-09-11
https://github.com/hsleonis/basetech,node_modules/ngmaker/node_modules/request/node_modules/qs/CONTRIBUTING.md,2023-09-11
https://github.com/hsleonis/basetech,vendor/2amigos/yii2-tinymce-widget/CONTRIBUTING.md,2023-09-11
https://github.com/hsleonis/basetech,vendor/bower/chained/CONTRIBUTING.md,2023-09-11
https://github.com/hsleonis/basetech,vendor/bower/typeahead.js/CONTRIBUTING.md,2023-09-11
https://github.com/hsleonis/basetech,vendor/cebe/markdown/CONTRIBUTING.md,2023-09-11
https://github.com/hsleonis/basetech,vendor/fzaninotto/faker/CONTRIBUTING.md,2023-09-11
https://github.com/hsleonis/basetech,vendor/kartik-v/yii2-widget-select2/lib/CONTRIBUTING.md,2023-09-11
https://github.com/hsleonis/basetech,vendor/vova07/yii2-imperavi-widget/CONTRIBUTING.md,2023-09-11
https://github.com/hsleonis/brandmakers,cms/backend/web/assets/1cdd198e/CONTRIBUTING.md,2023-09-11
https://github.com/hsleonis/brandmakers,cms/backend/web/assets/24b8ce8e/CONTRIBUTING.md,2023-09-11
https://github.com/hsleonis/brandmakers,cms/backend/web/assets/35712afd/CONTRIBUTING.md,2023-09-11
https://github.com/hsleonis/brandmakers,cms/backend/web/assets/5e11babf/CONTRIBUTING.md,2023-09-11
https://github.com/hsleonis/brandmakers,cms/backend/web/assets/632bcb22/CONTRIBUTING.md,2023-09-11
https://github.com/hsleonis/brandmakers,cms/backend/web/assets/7e1f412c/CONTRIBUTING.md,2023-09-11
https://github.com/hsleonis/brandmakers,cms/backend/web/assets/c0cbf385/CONTRIBUTING.md,2023-09-11
https://github.com/hsleonis/brandmakers,cms/backend/web/google-api-php-client-master/CONTRIBUTING.md,2023-09-11
https://github.com/hsleonis/brandmakers,vendor/2amigos/yii2-tinymce-widget/CONTRIBUTING.md,2023-09-11
https://github.com/hsleonis/brandmakers,vendor/bower/chained/CONTRIBUTING.md,2023-09-11
https://github.com/hsleonis/brandmakers,vendor/bower/typeahead.js/CONTRIBUTING.md,2023-09-11
https://github.com/hsleonis/brandmakers,vendor/cebe/markdown/CONTRIBUTING.md,2023-09-11
https://github.com/hsleonis/brandmakers,vendor/fzaninotto/faker/CONTRIBUTING.md,2023-09-11
https://github.com/hsleonis/brandmakers,vendor/kartik-v/yii2-widget-select2/lib/CONTRIBUTING.md,2023-09-11
https://github.com/hsleonis/brandmakers,vendor/vova07/yii2-imperavi-widget/CONTRIBUTING.md,2023-09-11
https://github.com/hsleonis/expressworks,node_modules/body-parser/node_modules/qs/CONTRIBUTING.md,2023-09-11
https://github.com/hsleonis/expressworks,node_modules/express/node_modules/qs/CONTRIBUTING.md,2023-09-11
https://github.com/hsleonis/healthy-entrepreneurs,bower_components/datatables/Contributing.md,2023-09-11
https://github.com/hsleonis/healthy-entrepreneurs,bower_components/flot/CONTRIBUTING.md,2023-09-11
https://github.com/hsleonis/healthy-entrepreneurs,bower_components/jquery-validation/CONTRIBUTING.md,2023-09-11
https://github.com/hsleonis/healthy-entrepreneurs,node_modules/ngmaker/node_modules/cheerio/CONTRIBUTING.md,2023-09-11
https://github.com/hsleonis/healthy-entrepreneurs,node_modules/ngmaker/node_modules/nodegit/node_modules/node-pre-gyp/node_modules/nopt/node_modules/abbrev/CONTRIBUTING.md,2023-09-11
https://github.com/hsleonis/healthy-entrepreneurs,node_modules/ngmaker/node_modules/nodegit/node_modules/node-pre-gyp/node_modules/request/CONTRIBUTING.md,2023-09-11
https://github.com/hsleonis/healthy-entrepreneurs,node_modules/ngmaker/node_modules/nodegit/node_modules/node-pre-gyp/node_modules/request/node_modules/hawk/node_modules/boom/CONTRIBUTING.md,2023-09-11
https://github.com/hsleonis/healthy-entrepreneurs,node_modules/ngmaker/node_modules/nodegit/node_modules/node-pre-gyp/node_modules/request/node_modules/hawk/node_modules/hoek/CONTRIBUTING.md,2023-09-11
https://github.com/hsleonis/healthy-entrepreneurs,node_modules/ngmaker/node_modules/nodegit/node_modules/node-pre-gyp/node_modules/request/node_modules/qs/CONTRIBUTING.md,2023-09-11
https://github.com/hsleonis/healthy-entrepreneurs,node_modules/ngmaker/node_modules/nodegit/node_modules/npm/CONTRIBUTING.md,2023-09-11
https://github.com/hsleonis/healthy-entrepreneurs,node_modules/ngmaker/node_modules/nodegit/node_modules/npm/node_modules/abbrev/CONTRIBUTING.md,2023-09-11
https://github.com/hsleonis/healthy-entrepreneurs,node_modules/ngmaker/node_modules/nodegit/node_modules/npm/node_modules/request/CONTRIBUTING.md,2023-09-11
https://github.com/hsleonis/healthy-entrepreneurs,node_modules/ngmaker/node_modules/nodegit/node_modules/npm/node_modules/request/node_modules/hawk/node_modules/boom/CONTRIBUTING.md,2023-09-11
https://github.com/hsleonis/healthy-entrepreneurs,node_modules/ngmaker/node_modules/nodegit/node_modules/npm/node_modules/request/node_modules/hawk/node_modules/hoek/CONTRIBUTING.md,2023-09-11
https://github.com/hsleonis/healthy-entrepreneurs,node_modules/ngmaker/node_modules/nodegit/node_modules/npm/node_modules/request/node_modules/qs/CONTRIBUTING.md,2023-09-11
https://github.com/hsleonis/healthy-entrepreneurs,node_modules/ngmaker/node_modules/request/CONTRIBUTING.md,2023-09-11
https://github.com/hsleonis/healthy-entrepreneurs,node_modules/ngmaker/node_modules/request/node_modules/hawk/node_modules/boom/CONTRIBUTING.md,2023-09-11
https://github.com/hsleonis/healthy-entrepreneurs,node_modules/ngmaker/node_modules/request/node_modules/hawk/node_modules/hoek/CONTRIBUTING.md,2023-09-11
https://github.com/hsleonis/healthy-entrepreneurs,node_modules/ngmaker/node_modules/request/node_modules/qs/CONTRIBUTING.md,2023-09-11
https://github.com/hsleonis/meditation-theme,admin/CONTRIBUTING.md,2023-09-11
https://github.com/hsleonis/ngMaker,node_modules/boom/CONTRIBUTING.md,2023-09-11
https://github.com/hsleonis/ngMaker,node_modules/cheerio/CONTRIBUTING.md,2023-09-11
https://github.com/hsleonis/ngMaker,node_modules/hoek/CONTRIBUTING.md,2023-09-11
https://github.com/hsleonis/ngMaker,node_modules/nodegit/node_modules/node-pre-gyp/node_modules/nopt/node_modules/abbrev/CONTRIBUTING.md,2023-09-11
https://github.com/hsleonis/ngMaker,node_modules/nodegit/node_modules/node-pre-gyp/node_modules/request/CONTRIBUTING.md,2023-09-11
https://github.com/hsleonis/ngMaker,node_modules/nodegit/node_modules/node-pre-gyp/node_modules/request/node_modules/hawk/node_modules/boom/CONTRIBUTING.md,2023-09-11
https://github.com/hsleonis/ngMaker,node_modules/nodegit/node_modules/node-pre-gyp/node_modules/request/node_modules/hawk/node_modules/hoek/CONTRIBUTING.md,2023-09-11
https://github.com/hsleonis/ngMaker,node_modules/nodegit/node_modules/node-pre-gyp/node_modules/request/node_modules/qs/CONTRIBUTING.md,2023-09-11
https://github.com/hsleonis/ngMaker,node_modules/npm/CONTRIBUTING.md,2023-09-11
https://github.com/hsleonis/ngMaker,node_modules/npm/node_modules/abbrev/CONTRIBUTING.md,2023-09-11
https://github.com/hsleonis/ngMaker,node_modules/npm/node_modules/request/CONTRIBUTING.md,2023-09-11
https://github.com/hsleonis/ngMaker,node_modules/npm/node_modules/request/node_modules/hawk/node_modules/boom/CONTRIBUTING.md,2023-09-11
https://github.com/hsleonis/ngMaker,node_modules/npm/node_modules/request/node_modules/hawk/node_modules/hoek/CONTRIBUTING.md,2023-09-11
https://github.com/hsleonis/ngMaker,node_modules/npm/node_modules/request/node_modules/qs/CONTRIBUTING.md,2023-09-11
https://github.com/hsleonis/ngMaker,node_modules/qs/CONTRIBUTING.md,2023-09-11
https://github.com/hsleonis/ngMaker,node_modules/request/CONTRIBUTING.md,2023-09-11
https://github.com/hsleonis/slack-slash,node_modules/boom/CONTRIBUTING.md,2023-09-11
https://github.com/hsleonis/slack-slash,node_modules/hoek/CONTRIBUTING.md,2023-09-11
https://github.com/hsleonis/slack-slash,node_modules/qs/CONTRIBUTING.md,2023-09-11
https://github.com/hsleonis/slack-slash,node_modules/request/node_modules/qs/CONTRIBUTING.md,2023-09-11
https://github.com/hydrogo/blog,_fastpages_docs/CONTRIBUTING.md,2023-09-11
https://github.com/itakouna/MicroServicesDocumentation,docs/source/contributing,2023-09-11
https://github.com/itakouna/MicroServicesDocumentation,docs/source/contributing/python.rst,2023-09-11
https://github.com/itakouna/MicroServicesDocumentation,docs/source/contributing/standards.rst,2023-09-11
https://github.com/jan-wilhelm/PeerReview,html/script/codemirror/codemirror-5.25.2/CONTRIBUTING.md,2023-09-11
https://github.com/JenniferPohle/github-slideshow,node_modules/reveal.js/CONTRIBUTING.md,2023-09-11
https://github.com/juliusgarbe/pism-debm-simple,CODE_OF_CONDUCT.md,2023-09-11
https://github.com/juliusgarbe/pism-debm-simple,CONTRIBUTING.rst,2023-09-11
https://github.com/juliusgarbe/pism-debm-simple,doc/sphinx/contributing,2023-09-11
https://github.com/juliusgarbe/pism-debm-simple,doc/sphinx/contributing/bug-reporting.rst,2023-09-11
https://github.com/juliusgarbe/pism-debm-simple,doc/sphinx/contributing/code,2023-09-11
https://github.com/juliusgarbe/pism-debm-simple,doc/sphinx/contributing/code/Example.cc,2023-09-11
https://github.com/juliusgarbe/pism-debm-simple,doc/sphinx/contributing/code/Example.hh,2023-09-11
https://github.com/juliusgarbe/pism-debm-simple,doc/sphinx/contributing/coding_guidelines.rst,2023-09-11
https://github.com/juliusgarbe/pism-debm-simple,doc/sphinx/contributing/development-workflow.rst,2023-09-11
https://github.com/juliusgarbe/pism-debm-simple,doc/sphinx/contributing/example-component.txt,2023-09-11
https://github.com/juliusgarbe/pism-debm-simple,doc/sphinx/contributing/git-branches.rst,2023-09-11
https://github.com/juliusgarbe/pism-debm-simple,doc/sphinx/contributing/git-introduction.rst,2023-09-11
https://github.com/juliusgarbe/pism-debm-simple,doc/sphinx/contributing/how-to.rst,2023-09-11
https://github.com/juliusgarbe/pism-debm-simple,doc/sphinx/contributing/index.rst,2023-09-11
https://github.com/justTil/xu-web-ai-project-22,CODE_OF_CONDUCT.md,2023-09-11
https://github.com/krr-up/latex-class-lni,CONTRIBUTING.md,2023-09-11
https://github.com/kuzminadya/calligrid,code_of_conduct.md,2023-09-11
https://github.com/ludwigfrank/particle,node_modules/boom/CONTRIBUTING.md,2023-09-11
https://github.com/ludwigfrank/particle,node_modules/caniuse-db/CONTRIBUTING.md,2023-09-11
https://github.com/ludwigfrank/particle,node_modules/cross-env/CODE_OF_CONDUCT.md,2023-09-11
https://github.com/ludwigfrank/particle,node_modules/fsevents/node_modules/boom/CONTRIBUTING.md,2023-09-11
https://github.com/ludwigfrank/particle,node_modules/fsevents/node_modules/hoek/CONTRIBUTING.md,2023-09-11
https://github.com/ludwigfrank/particle,node_modules/fsevents/node_modules/qs/CONTRIBUTING.md,2023-09-11
https://github.com/ludwigfrank/particle,node_modules/hoek/CONTRIBUTING.md,2023-09-11
https://github.com/ludwigfrank/particle,node_modules/js-beautify/CONTRIBUTING.md,2023-09-11
https://github.com/ludwigfrank/particle,node_modules/qs/CONTRIBUTING.md,2023-09-11
https://github.com/ludwigfrank/particle,node_modules/request/node_modules/qs/CONTRIBUTING.md,2023-09-11
https://github.com/ludwigfrank/particle,node_modules/serialport/node_modules/node-pre-gyp/node_modules/request/node_modules/hawk/node_modules/boom/CONTRIBUTING.md,2023-09-11
https://github.com/ludwigfrank/particle,node_modules/serialport/node_modules/node-pre-gyp/node_modules/request/node_modules/hawk/node_modules/hoek/CONTRIBUTING.md,2023-09-11
https://github.com/ludwigfrank/particle,node_modules/serialport/node_modules/node-pre-gyp/node_modules/request/node_modules/qs/CONTRIBUTING.md,2023-09-11
https://github.com/ludwigfrank/particle,node_modules/yallist/CONTRIBUTING.md,2023-09-11
https://github.com/maxtillich/drama,Neue-Raeuber/node_modules/babel-preset-env/CONTRIBUTING.md,2023-09-11
https://github.com/maxtillich/drama,Neue-Raeuber/node_modules/body-parser/node_modules/qs/CONTRIBUTING.md,2023-09-11
https://github.com/maxtillich/drama,Neue-Raeuber/node_modules/grunt-wp-i18n/CONTRIBUTING.md,2023-09-11
https://github.com/maxtillich/drama,Neue-Raeuber/node_modules/grunt-wp-i18n/node_modules/underscore.string/CONTRIBUTING.markdown,2023-09-11
https://github.com/maxtillich/drama,Neue-Raeuber/node_modules/grunt/CONTRIBUTING.md,2023-09-11
https://github.com/maxtillich/drama,Neue-Raeuber/node_modules/qs/CONTRIBUTING.md,2023-09-11
https://github.com/maxtillich/drama,Neue-Raeuber/node_modules/readable-stream/CONTRIBUTING.md,2023-09-11
https://github.com/maxtillich/drama,Neue-Raeuber/node_modules/uri-path/CONTRIBUTING.md,2023-09-11
https://github.com/maxtillich/drama,Raeuber/node_modules/babel-preset-env/CONTRIBUTING.md,2023-09-11
https://github.com/maxtillich/drama,Raeuber/node_modules/body-parser/node_modules/qs/CONTRIBUTING.md,2023-09-11
https://github.com/maxtillich/drama,Raeuber/node_modules/grunt-wp-i18n/CONTRIBUTING.md,2023-09-11
https://github.com/maxtillich/drama,Raeuber/node_modules/grunt-wp-i18n/node_modules/underscore.string/CONTRIBUTING.markdown,2023-09-11
https://github.com/maxtillich/drama,Raeuber/node_modules/grunt/CONTRIBUTING.md,2023-09-11
https://github.com/maxtillich/drama,Raeuber/node_modules/qs/CONTRIBUTING.md,2023-09-11
https://github.com/maxtillich/drama,Raeuber/node_modules/readable-stream/CONTRIBUTING.md,2023-09-11
https://github.com/maxtillich/drama,Raeuber/node_modules/uri-path/CONTRIBUTING.md,2023-09-11
https://github.com/maxtillich/drama,Werther/node_modules/babel-preset-env/CONTRIBUTING.md,2023-09-11
https://github.com/maxtillich/drama,Werther/node_modules/body-parser/node_modules/qs/CONTRIBUTING.md,2023-09-11
https://github.com/maxtillich/drama,Werther/node_modules/grunt-wp-i18n/CONTRIBUTING.md,2023-09-11
https://github.com/maxtillich/drama,Werther/node_modules/grunt-wp-i18n/node_modules/underscore.string/CONTRIBUTING.markdown,2023-09-11
https://github.com/maxtillich/drama,Werther/node_modules/grunt/CONTRIBUTING.md,2023-09-11
https://github.com/maxtillich/drama,Werther/node_modules/qs/CONTRIBUTING.md,2023-09-11
https://github.com/maxtillich/drama,Werther/node_modules/readable-stream/CONTRIBUTING.md,2023-09-11
https://github.com/maxtillich/drama,Werther/node_modules/uri-path/CONTRIBUTING.md,2023-09-11
https://github.com/maxtillich/retrofuture,nurlayout/node_modules/babel-preset-env/CONTRIBUTING.md,2023-09-11
https://github.com/maxtillich/retrofuture,nurlayout/node_modules/grunt-contrib-cssmin/node_modules/readable-stream/CONTRIBUTING.md,2023-09-11
https://github.com/maxtillich/retrofuture,nurlayout/node_modules/grunt-contrib-uglify/node_modules/readable-stream/CONTRIBUTING.md,2023-09-11
https://github.com/maxtillich/retrofuture,nurlayout/node_modules/grunt-contrib-uglify/node_modules/uri-path/CONTRIBUTING.md,2023-09-11
https://github.com/maxtillich/retrofuture,nurlayout/node_modules/grunt-contrib-watch/node_modules/body-parser/node_modules/qs/CONTRIBUTING.md,2023-09-11
https://github.com/maxtillich/retrofuture,nurlayout/node_modules/grunt-contrib-watch/node_modules/qs/CONTRIBUTING.md,2023-09-11
https://github.com/maxtillich/retrofuture,nurlayout/node_modules/grunt-wp-i18n/CONTRIBUTING.md,2023-09-11
https://github.com/maxtillich/retrofuture,nurlayout/node_modules/grunt-wp-i18n/node_modules/underscore.string/CONTRIBUTING.markdown,2023-09-11
https://github.com/maxtillich/retrofuture,nurlayout/node_modules/grunt/CONTRIBUTING.md,2023-09-11
https://github.com/maxtillich/retrofuture,zweitepraesentation/node_modules/babel-preset-env/CONTRIBUTING.md,2023-09-11
https://github.com/maxtillich/retrofuture,zweitepraesentation/node_modules/grunt-contrib-cssmin/node_modules/readable-stream/CONTRIBUTING.md,2023-09-11
https://github.com/maxtillich/retrofuture,zweitepraesentation/node_modules/grunt-contrib-uglify/node_modules/readable-stream/CONTRIBUTING.md,2023-09-11
https://github.com/maxtillich/retrofuture,zweitepraesentation/node_modules/grunt-contrib-uglify/node_modules/uri-path/CONTRIBUTING.md,2023-09-11
https://github.com/maxtillich/retrofuture,zweitepraesentation/node_modules/grunt-contrib-watch/node_modules/body-parser/node_modules/qs/CONTRIBUTING.md,2023-09-11
https://github.com/maxtillich/retrofuture,zweitepraesentation/node_modules/grunt-contrib-watch/node_modules/qs/CONTRIBUTING.md,2023-09-11
https://github.com/maxtillich/retrofuture,zweitepraesentation/node_modules/grunt-wp-i18n/CONTRIBUTING.md,2023-09-11
https://github.com/maxtillich/retrofuture,zweitepraesentation/node_modules/grunt-wp-i18n/node_modules/underscore.string/CONTRIBUTING.markdown,2023-09-11
https://github.com/maxtillich/retrofuture,zweitepraesentation/node_modules/grunt/CONTRIBUTING.md,2023-09-11
https://github.com/niccokunzmann/escape-the-shell,CONTRIBUTING.md,2023-09-11
https://github.com/pacman82/arrow-odbc,Contributing.md,2023-09-11
https://github.com/pacman82/arrow-odbc-py,Contributing.md,2023-09-11
https://github.com/pacman82/atoi-rs,CONTRIBUTING.md,2023-09-11
https://github.com/pacman82/odbc-api,Contributing.md,2023-09-11
https://github.com/pacman82/odbc2parquet,Contributing.md,2023-09-11
https://github.com/pacman82/throttle,CONTRIBUTING.md,2023-09-11
https://github.com/paulalisson/fasttextM,CONTRIBUTING.md,2023-09-11
https://github.com/potassco/clingo-rs,CONTRIBUTING.md,2023-09-11
https://github.com/potassco/clingofmt,CONTRIBUTING.md,2023-09-11
https://github.com/potassco/clingoLP,CONTRIBUTING.md,2023-09-11
https://github.com/potassco/tree-sitter-clingo,CONTRIBUTING.md,2023-09-11
https://github.com/pschonev/biBooks,laser/CODE_OF_CONDUCT.md,2023-09-11
https://github.com/pschonev/gatsby-netlify-cms-germany,CODE_OF_CONDUCT.md,2023-09-11
https://github.com/pschonev/gatsby-netlify-cms-germany,CONTRIBUTING.md,2023-09-11
https://github.com/sarahkiener/compound-sensitivity,gcomet/CONTRIBUTING.md,2023-09-11
https://github.com/sebas524/admin-app,src/assets/plugins/calendar/dist/CONTRIBUTING.txt,2023-09-11
https://github.com/sebas524/admin-app,src/assets/plugins/datatables/Contributing.md,2023-09-11
https://github.com/sebas524/admin-app,src/assets/plugins/dropzone-master/CONTRIBUTING.md,2023-09-11
https://github.com/sebas524/admin-app,src/assets/plugins/flot/CONTRIBUTING.md,2023-09-11
https://github.com/sebas524/admin-app,src/assets/plugins/jquery-wizard-master/CONTRIBUTING.md,2023-09-11
https://github.com/sebas524/admin-app,src/assets/plugins/select2/CONTRIBUTING.md,2023-09-11
https://github.com/sebas524/admin-app,src/assets/plugins/tablesaw-master/CONTRIBUTING.md,2023-09-11
https://github.com/sebas524/admin-app,src/assets/plugins/typeahead.js-master/CONTRIBUTING.md,2023-09-11
https://github.com/simonstadlinger/DYOD_2021,CONTRIBUTING.md,2023-09-11
https://github.com/TillF/WASA-SED,docs/CONTRIBUTING.md,2023-09-11
https://github.com/University-of-Potsdam-MM/EventsApp,platforms/android/cordova/node_modules/q/CONTRIBUTING.md,2023-09-11
https://github.com/University-of-Potsdam-MM/orcid,extResources/citation-style-language/locales/CONTRIBUTING.md,2023-09-11
https://github.com/University-of-Potsdam-MM/orcid,extResources/citation-style-language/styles/CONTRIBUTING.md,2023-09-11
