html_url_repository,topic,date
https://github.com/a-moi/political-argument-mining,argument-mining,2023-09-11
https://github.com/a-moi/political-argument-mining,claim-detection,2023-09-11
https://github.com/a-moi/political-argument-mining,natural-language-processing,2023-09-11
https://github.com/abrarhasinkml/Bangla2EnglishNumberConversion,bangla,2023-09-11
https://github.com/abrarhasinkml/Bangla2EnglishNumberConversion,bangla-number,2023-09-11
https://github.com/abrarhasinkml/Bangla2EnglishNumberConversion,bengali,2023-09-11
https://github.com/abrarhasinkml/Bangla2EnglishNumberConversion,bengali-number,2023-09-11
https://github.com/abrarhasinkml/Bangla2EnglishNumberConversion,english,2023-09-11
https://github.com/abrarhasinkml/Bangla2EnglishNumberConversion,number-converter,2023-09-11
https://github.com/abrarhasinkml/Bangla2EnglishNumberConversion,python,2023-09-11
https://github.com/abrarhasinkml/Bangla2EnglishNumberConversion,python3,2023-09-11
https://github.com/Adrian-Abendroth/Adrian-Abendroth,config,2023-09-11
https://github.com/Adrian-Abendroth/Adrian-Abendroth,github-config,2023-09-11
https://github.com/aeye-lab/pymovements,event-detection,2023-09-11
https://github.com/aeye-lab/pymovements,eye-tracking,2023-09-11
https://github.com/aeye-lab/pymovements,eyetracking,2023-09-11
https://github.com/aeye-lab/pymovements,python,2023-09-11
https://github.com/aeye-lab/pymovements,scientific-computing,2023-09-11
https://github.com/aeye-lab/pymovements,scientific-software,2023-09-11
https://github.com/aeye-lab/pymovements,scientific-visualization,2023-09-11
https://github.com/alisher-turubayev/alisher-turubayev,config,2023-09-11
https://github.com/alisher-turubayev/alisher-turubayev,github-config,2023-09-11
https://github.com/AnjaKatzenberger/CMIP6-Indian-Monsoon,cdo,2023-09-11
https://github.com/AnjaKatzenberger/CMIP6-Indian-Monsoon,climate-change,2023-09-11
https://github.com/AnjaKatzenberger/CMIP6-Indian-Monsoon,climate-model,2023-09-11
https://github.com/AnjaKatzenberger/CMIP6-Indian-Monsoon,cmip6,2023-09-11
https://github.com/AnjaKatzenberger/CMIP6-Indian-Monsoon,india,2023-09-11
https://github.com/AnjaKatzenberger/CMIP6-Indian-Monsoon,monsoon,2023-09-11
https://github.com/arne-cl/abspath,cli,2023-09-11
https://github.com/arne-cl/abspath,file-path,2023-09-11
https://github.com/arne-cl/abspath,path,2023-09-11
https://github.com/arne-cl/abspath,python,2023-09-11
https://github.com/arne-cl/bislama-resources,bislama,2023-09-11
https://github.com/arne-cl/bislama-resources,corpora,2023-09-11
https://github.com/arne-cl/bislama-resources,language,2023-09-11
https://github.com/arne-cl/bislama-resources,language-resources,2023-09-11
https://github.com/arne-cl/bislama-resources,underresourced-languages,2023-09-11
https://github.com/arne-cl/bislama-resources,vanuatu,2023-09-11
https://github.com/arne-cl/brat-embedded-visualization-examples,annotation,2023-09-11
https://github.com/arne-cl/brat-embedded-visualization-examples,brat,2023-09-11
https://github.com/arne-cl/brat-embedded-visualization-examples,javascript,2023-09-11
https://github.com/arne-cl/brat-embedded-visualization-examples,nlp,2023-09-11
https://github.com/arne-cl/brat-embedded-visualization-examples,visualization,2023-09-11
https://github.com/arne-cl/discoursegraphs,conversion,2023-09-11
https://github.com/arne-cl/discoursegraphs,converter,2023-09-11
https://github.com/arne-cl/discoursegraphs,natural-language-processing,2023-09-11
https://github.com/arne-cl/discoursegraphs,networkx,2023-09-11
https://github.com/arne-cl/discoursegraphs,nlp,2023-09-11
https://github.com/arne-cl/discoursegraphs,python,2023-09-11
https://github.com/arne-cl/feng-hirst-rst-parser,rhetorical-parser,2023-09-11
https://github.com/arne-cl/feng-hirst-rst-parser,rhetorical-structure-theory,2023-09-11
https://github.com/arne-cl/feng-hirst-rst-parser,rst,2023-09-11
https://github.com/arne-cl/go-abspath,abspath,2023-09-11
https://github.com/arne-cl/go-abspath,cli,2023-09-11
https://github.com/arne-cl/go-abspath,filepath,2023-09-11
https://github.com/arne-cl/go-abspath,golang,2023-09-11
https://github.com/arne-cl/go-abspath,path,2023-09-11
https://github.com/arne-cl/learn-node-from-scratch,es6,2023-09-11
https://github.com/arne-cl/learn-node-from-scratch,expressjs,2023-09-11
https://github.com/arne-cl/learn-node-from-scratch,javascript,2023-09-11
https://github.com/arne-cl/learn-node-from-scratch,mongodb,2023-09-11
https://github.com/arne-cl/learn-node-from-scratch,nodejs,2023-09-11
https://github.com/arne-cl/nltk-maxent-pos-tagger,maximum-entropy,2023-09-11
https://github.com/arne-cl/nltk-maxent-pos-tagger,nltk,2023-09-11
https://github.com/arne-cl/nltk-maxent-pos-tagger,pos,2023-09-11
https://github.com/arne-cl/nltk-maxent-pos-tagger,pos-tagger,2023-09-11
https://github.com/arne-cl/pandas-gotchas,list,2023-09-11
https://github.com/arne-cl/pandas-gotchas,pandas,2023-09-11
https://github.com/arne-cl/pandas-gotchas,python,2023-09-11
https://github.com/arne-cl/ppi_graphkernel,graph-kernel,2023-09-11
https://github.com/arne-cl/ppi_graphkernel,natural-language-processing,2023-09-11
https://github.com/arne-cl/ppi_graphkernel,nlp,2023-09-11
https://github.com/arne-cl/ppi_graphkernel,ppi,2023-09-11
https://github.com/arne-cl/ppi_graphkernel,protein-protein-interaction,2023-09-11
https://github.com/arne-cl/ppi_graphkernel,python,2023-09-11
https://github.com/AvitBhowmik/gisapp17,ecology,2023-09-11
https://github.com/AvitBhowmik/gisapp17,geostatistics,2023-09-11
https://github.com/AvitBhowmik/gisapp17,spatial-analysis,2023-09-11
https://github.com/AvitBhowmik/gisapp17,spatial-statistics,2023-09-11
https://github.com/AvitBhowmik/gisapp18,ecotoxicology,2023-09-11
https://github.com/AvitBhowmik/gisapp18,geostatistics,2023-09-11
https://github.com/AvitBhowmik/gisapp18,spatial-analysis,2023-09-11
https://github.com/AvitBhowmik/gisapp18,spatial-data-analysis,2023-09-11
https://github.com/AvitBhowmik/gisapp18,spatial-statistics,2023-09-11
https://github.com/Baschdl/RoboCup-Team-Nullpointer,mindstorms,2023-09-11
https://github.com/Baschdl/RoboCup-Team-Nullpointer,raspberry-pi,2023-09-11
https://github.com/Baschdl/RoboCup-Team-Nullpointer,robocup,2023-09-11
https://github.com/Baschdl/RoboCup-Team-Nullpointer,robocup-junior,2023-09-11
https://github.com/Baschdl/RoboCup-Team-Nullpointer,robotics-competition,2023-09-11
https://github.com/bgroenks96/normalizing-flows,data-science,2023-09-11
https://github.com/bgroenks96/normalizing-flows,machine-learning,2023-09-11
https://github.com/bgroenks96/normalizing-flows,machine-learning-algorithms,2023-09-11
https://github.com/bgroenks96/normalizing-flows,normalizing-flows,2023-09-11
https://github.com/bptlab/ark_automate,bpmn,2023-09-11
https://github.com/bptlab/ark_automate,robotframework,2023-09-11
https://github.com/bptlab/ark_automate,robotic-process-automation,2023-09-11
https://github.com/bptlab/ark_automate,rpa,2023-09-11
https://github.com/bptlab/ark_automate,rpaframework,2023-09-11
https://github.com/bptlab/blockchain-choreography,blockchain,2023-09-11
https://github.com/bptlab/blockchain-choreography,choreograpy-models,2023-09-11
https://github.com/bptlab/blockchain-choreography,collaborative-modelling,2023-09-11
https://github.com/bptlab/blockchain-choreography,dapp,2023-09-11
https://github.com/bptlab/blockchain-choreography,distributed-ledger-technology,2023-09-11
https://github.com/bptlab/blockchain-choreography,ethereum,2023-09-11
https://github.com/bptlab/blockchain-choreography,react,2023-09-11
https://github.com/bptlab/blockchain-choreography,tamper-proof,2023-09-11
https://github.com/bptlab/blockchain-choreography,typescript,2023-09-11
https://github.com/bptlab/bookshelf-docs,bpmn,2023-09-11
https://github.com/bptlab/bookshelf-docs,case-management,2023-09-11
https://github.com/bptlab/bookshelf-docs,docs,2023-09-11
https://github.com/bptlab/cepta,cep,2023-09-11
https://github.com/bptlab/cepta,flink,2023-09-11
https://github.com/bptlab/cepta,kafka,2023-09-11
https://github.com/bptlab/cepta,monitoring,2023-09-11
https://github.com/bptlab/cepta,real-time,2023-09-11
https://github.com/bptlab/cepta,transportation,2023-09-11
https://github.com/bptlab/mimic-log-extraction,event-log,2023-09-11
https://github.com/bptlab/mimic-log-extraction,mimic-iv,2023-09-11
https://github.com/bptlab/mimic-log-extraction,process-mining,2023-09-11
https://github.com/brechtknecht/FHP-Applaus,design,2023-09-11
https://github.com/brechtknecht/FHP-Applaus,landingpage,2023-09-11
https://github.com/brechtknecht/FHP-Kursplaner,vue,2023-09-11
https://github.com/brechtknecht/FHP-Kursplaner,vuejs,2023-09-11
https://github.com/ctiedt/influx_client,database,2023-09-11
https://github.com/ctiedt/influx_client,influxdb,2023-09-11
https://github.com/ctiedt/influx_client,influxdb-client,2023-09-11
https://github.com/ctiedt/influx_client,rust,2023-09-11
https://github.com/ctiedt/minimal-rust-km,kernel-module,2023-09-11
https://github.com/ctiedt/minimal-rust-km,linux-kernel,2023-09-11
https://github.com/ctiedt/minimal-rust-km,rust,2023-09-11
https://github.com/ctiedt/rsramfs,kernel,2023-09-11
https://github.com/ctiedt/rsramfs,kernel-module,2023-09-11
https://github.com/ctiedt/rsramfs,linux,2023-09-11
https://github.com/ctiedt/rsramfs,ramfs,2023-09-11
https://github.com/ctiedt/rsramfs,rsramfs,2023-09-11
https://github.com/ctiedt/rsramfs,rust,2023-09-11
https://github.com/ctiedt/studypoints,android,2023-09-11
https://github.com/ctiedt/studypoints,flutter,2023-09-11
https://github.com/ctiedt/studypoints,procrastination,2023-09-11
https://github.com/Diego-Dam/Diego-Dam,config,2023-09-11
https://github.com/Diego-Dam/Diego-Dam,github-config,2023-09-11
https://github.com/Disc0erg0sum/TheTimeMachine,design,2023-09-11
https://github.com/Disc0erg0sum/TheTimeMachine,time,2023-09-11
https://github.com/domoritz/breakfast,breakfast,2023-09-11
https://github.com/domoritz/breakfast,calendar,2023-09-11
https://github.com/domoritz/breakfast,google-sheets,2023-09-11
https://github.com/domoritz/breakfast,reminder-emails,2023-09-11
https://github.com/domoritz/breakfast,sheet,2023-09-11
https://github.com/domoritz/breakfast,tally,2023-09-11
https://github.com/domoritz/csv2arrow,arrow,2023-09-11
https://github.com/domoritz/csv2arrow,rust,2023-09-11
https://github.com/everornever/Personal-Website,css,2023-09-11
https://github.com/everornever/Personal-Website,html,2023-09-11
https://github.com/everornever/Personal-Website,website-design,2023-09-11
https://github.com/everornever/React-Website,firebase,2023-09-11
https://github.com/everornever/React-Website,react,2023-09-11
https://github.com/everornever/React-Website,react-router,2023-09-11
https://github.com/everornever/WRIP,google-maps-api,2023-09-11
https://github.com/everornever/WRIP,react,2023-09-11
https://github.com/everornever/WRIP,webdesign,2023-09-11
https://github.com/ezair/Autograding-System,docker,2023-09-11
https://github.com/ezair/Autograding-System,python3,2023-09-11
https://github.com/ff6347/automate-build,travis-ci,2023-09-11
https://github.com/ff6347/details-in-readme,html,2023-09-11
https://github.com/ff6347/details-in-readme,markdown,2023-09-11
https://github.com/ff6347/details-in-readme,readme,2023-09-11
https://github.com/FH-Potsdam/artomaton,event-emitter,2023-09-11
https://github.com/FH-Potsdam/artomaton,johnny-five,2023-09-11
https://github.com/FH-Potsdam/artomaton,plotter,2023-09-11
https://github.com/FH-Potsdam/artomaton,testing,2023-09-11
https://github.com/FH-Potsdam/digenti-apps,accessibility-analysis,2023-09-11
https://github.com/FH-Potsdam/digenti-apps,d3-js,2023-09-11
https://github.com/FH-Potsdam/digenti-apps,disaster-management,2023-09-11
https://github.com/FH-Potsdam/digenti-apps,emergency-response,2023-09-11
https://github.com/FH-Potsdam/digenti-apps,geovisualization,2023-09-11
https://github.com/FH-Potsdam/digenti-apps,mapbox-gl-js,2023-09-11
https://github.com/FH-Potsdam/digenti-apps,remote-sensing,2023-09-11
https://github.com/flxw/rekor-monitor,grafana,2023-09-11
https://github.com/flxw/rekor-monitor,rekor,2023-09-11
https://github.com/flxw/rekor-monitor,sigstore,2023-09-11
https://github.com/fpottbaecker/foundryvtt-how-to-be-a-hero,foundryvtt,2023-09-11
https://github.com/fpottbaecker/st-data-gen,spatial-transcriptomics,2023-09-11
https://github.com/fpottbaecker/st-data-gen,transcriptomics,2023-09-11
https://github.com/frcroth/advent-of-code-2020,advent-of-code,2023-09-11
https://github.com/frcroth/advent-of-code-2020,advent-of-code-2020,2023-09-11
https://github.com/frcroth/advent-of-code-2021,advent-of-code,2023-09-11
https://github.com/frcroth/advent-of-code-2021,advent-of-code-2021,2023-09-11
https://github.com/frcroth/elections,elections,2023-09-11
https://github.com/frcroth/elections,simulate-elections,2023-09-11
https://github.com/frcroth/elections,voting,2023-09-11
https://github.com/frcroth/hpi_gamejam2020_2colors,hpigamejam,2023-09-11
https://github.com/frcroth/hpi_gamejam2020_2colors,hpigamejam07,2023-09-11
https://github.com/frcroth/sierpinski-random,chaos-game,2023-09-11
https://github.com/frcroth/sierpinski-random,experiments,2023-09-11
https://github.com/frcroth/swing-snake,archive,2023-09-11
https://github.com/frcroth/swing-snake,snake,2023-09-11
https://github.com/fsr-de/myHPI,django,2023-09-11
https://github.com/fsr-de/myHPI,python,2023-09-11
https://github.com/fsr-de/myHPI,wagtail,2023-09-11
https://github.com/fsr-de/myHPI,wagtail-cms,2023-09-11
https://github.com/geveh/ReportingBias,andes,2023-09-11
https://github.com/geveh/ReportingBias,atmospheric-warming,2023-09-11
https://github.com/geveh/ReportingBias,bias,2023-09-11
https://github.com/geveh/ReportingBias,climate-change,2023-09-11
https://github.com/geveh/ReportingBias,european-alps,2023-09-11
https://github.com/geveh/ReportingBias,glacier-lake-outburst-floods,2023-09-11
https://github.com/geveh/ReportingBias,glofs,2023-09-11
https://github.com/geveh/ReportingBias,high-mountain-asia,2023-09-11
https://github.com/geveh/ReportingBias,himalaya,2023-09-11
https://github.com/geveh/ReportingBias,inventory,2023-09-11
https://github.com/geveh/ReportingBias,natural-hazards,2023-09-11
https://github.com/geveh/ReportingBias,pacific-nw,2023-09-11
https://github.com/geveh/ReportingBias,r,2023-09-11
https://github.com/geveh/ReportingBias,reporting,2023-09-11
https://github.com/geveh/ReportingBias,scandinavia,2023-09-11
https://github.com/geveh/ReportingBias,temperature,2023-09-11
https://github.com/geveh/ReportingBias,trends,2023-09-11
https://github.com/GregwiseNoah/GregwiseNoah,config,2023-09-11
https://github.com/GregwiseNoah/GregwiseNoah,github-config,2023-09-11
https://github.com/grpranto/ANTLR-Project-Student-Information-,antlr4-grammar,2023-09-11
https://github.com/grpranto/Internet-Notifier-Desktop-Application,cpp,2023-09-11
https://github.com/grpranto/Internet-Notifier-Desktop-Application,desktop-application,2023-09-11
https://github.com/grpranto/Internet-Notifier-Desktop-Application,qtcreator,2023-09-11
https://github.com/grpranto/Medical-Store-Management,data-structures,2023-09-11
https://github.com/grpranto/Smart-Car-Parking-System,arduino,2023-09-11
https://github.com/grpranto/Smart-Car-Parking-System,arduino-uno,2023-09-11
https://github.com/grpranto/Smart-Car-Parking-System,ir-sensor,2023-09-11
https://github.com/grpranto/Smart-Car-Parking-System,rfid-rc522,2023-09-11
https://github.com/grpranto/Track-Covid-19,api,2023-09-11
https://github.com/gue-ros/AnaGuerraRosbach,config,2023-09-11
https://github.com/gue-ros/AnaGuerraRosbach,github-config,2023-09-11
https://github.com/hackpotsdam/hackpotsdam2017,acm,2023-09-11
https://github.com/hackpotsdam/hackpotsdam2017,clarkson-university,2023-09-11
https://github.com/hackpotsdam/hackpotsdam2017,cosi,2023-09-11
https://github.com/hackpotsdam/hackpotsdam2017,hackathon,2023-09-11
https://github.com/hackpotsdam/hackpotsdam2017,innovation,2023-09-11
https://github.com/hackpotsdam/hackpotsdam2017,potsdam-acm,2023-09-11
https://github.com/hackpotsdam/hackpotsdam2017,suny-potsdam,2023-09-11
https://github.com/hannesharnisch/sch_montecarlo,java,2023-09-11
https://github.com/hannesharnisch/sch_montecarlo,schule,2023-09-11
https://github.com/hannesharnisch/TiMaTo,javafx-application,2023-09-11
https://github.com/hannesharnisch/TiMaTo,ppi,2023-09-11
https://github.com/heiko-etzold/teaching-stoffdidaktik,mathematik,2023-09-11
https://github.com/heiko-etzold/teaching-stoffdidaktik,stoffdidaktik,2023-09-11
https://github.com/heiko-etzold/teaching-stoffdidaktik,vorlesungsskript,2023-09-11
https://github.com/hpi-sam/digital-fuesim-manv,angular,2023-09-11
https://github.com/hpi-sam/digital-fuesim-manv,emergency-medical-services,2023-09-11
https://github.com/hpi-sam/digital-fuesim-manv,germany,2023-09-11
https://github.com/hpi-sam/digital-fuesim-manv,immerjs,2023-09-11
https://github.com/hpi-sam/digital-fuesim-manv,mci,2023-09-11
https://github.com/hpi-sam/digital-fuesim-manv,nodejs,2023-09-11
https://github.com/hpi-sam/digital-fuesim-manv,openlayers,2023-09-11
https://github.com/hpi-sam/digital-fuesim-manv,simulation,2023-09-11
https://github.com/hpi-sam/digital-fuesim-manv,training,2023-09-11
https://github.com/hpi-sam/digital-fuesim-manv,typescript,2023-09-11
https://github.com/hpi-sam/GNN-SpaceTimeGraphs,forecasting-algorithm,2023-09-11
https://github.com/hpi-sam/GNN-SpaceTimeGraphs,graph-convolutional-networks,2023-09-11
https://github.com/hpi-sam/GNN-SpaceTimeGraphs,graph-neural-networks,2023-09-11
https://github.com/hpi-sam/GNN-SpaceTimeGraphs,spatio-temporal-data,2023-09-11
https://github.com/hpi-sam/GNN-SpaceTimeGraphs,traffic-forecasting,2023-09-11
https://github.com/hpi-sam/GNN-SpaceTimeGraphs,traffic-graphs,2023-09-11
https://github.com/hsleonis/bamboo_hr,api-client,2023-09-11
https://github.com/hsleonis/bamboo_hr,bamboohr,2023-09-11
https://github.com/hsleonis/bamboo_hr,python3,2023-09-11
https://github.com/hydrogo/2018_VinoRead_wrkshp,google-colab,2023-09-11
https://github.com/hydrogo/2018_VinoRead_wrkshp,gr4j,2023-09-11
https://github.com/hydrogo/2018_VinoRead_wrkshp,hydrology,2023-09-11
https://github.com/hydrogo/2018_VinoRead_wrkshp,modeling,2023-09-11
https://github.com/hydrogo/2018_VinoRead_wrkshp,runoff,2023-09-11
https://github.com/hydrogo/DA_and_ML_in_hydrology,hydrology,2023-09-11
https://github.com/hydrogo/DA_and_ML_in_hydrology,machine-learning,2023-09-11
https://github.com/hydrogo/DA_and_ML_in_hydrology,modeling,2023-09-11
https://github.com/hydrogo/DA_and_ML_in_hydrology,tutorial,2023-09-11
https://github.com/hydrogo/KALI,artificial-neural-networks,2023-09-11
https://github.com/hydrogo/KALI,calibration,2023-09-11
https://github.com/hydrogo/KALI,deep-learning,2023-09-11
https://github.com/hydrogo/KALI,gru-network,2023-09-11
https://github.com/hydrogo/KALI,hydrologic-model,2023-09-11
https://github.com/hydrogo/KALI,hydrologic-modeling,2023-09-11
https://github.com/hydrogo/KALI,hydrology,2023-09-11
https://github.com/hydrogo/KALI,lstm-network,2023-09-11
https://github.com/hydrogo/KALI,mlp-network,2023-09-11
https://github.com/hydrogo/KALI,rnn-network,2023-09-11
https://github.com/hydrogo/KALI,validation,2023-09-11
https://github.com/iliakur/c-u-later-elevator,answer-set-programming,2023-09-11
https://github.com/iliakur/miteclock,cli,2023-09-11
https://github.com/iliakur/miteclock,command-line,2023-09-11
https://github.com/iliakur/miteclock,productivity,2023-09-11
https://github.com/iliakur/miteclock,python3,2023-09-11
https://github.com/iliakur/RoboSanta,answer-set-programming,2023-09-11
https://github.com/iliakur/RoboSanta,logistics,2023-09-11
https://github.com/iliakur/RoboSanta,multiagent-systems,2023-09-11
https://github.com/iliakur/RoboSanta,warehouse-path,2023-09-11
https://github.com/IvanSpirandelli/Programming-Exercises-for-Computational-Topology,computational-topology,2023-09-11
https://github.com/IvanSpirandelli/Programming-Exercises-for-Computational-Topology,exercises,2023-09-11
https://github.com/IvanSpirandelli/Programming-Exercises-for-Computational-Topology,julia,2023-09-11
https://github.com/jakobwalter/RNAPerm,permution-test,2023-09-11
https://github.com/jakobwalter/RNAPerm,r,2023-09-11
https://github.com/jakobwalter/RNAPerm,rna-seq,2023-09-11
https://github.com/jan-wilhelm/exclamo-website,bully-detection,2023-09-11
https://github.com/jan-wilhelm/exclamo-website,laravel,2023-09-11
https://github.com/jan-wilhelm/exclamo-website,school-systems,2023-09-11
https://github.com/jan-wilhelm/exclamo-website,website,2023-09-11
https://github.com/jan-wilhelm/PeerReview,database,2023-09-11
https://github.com/jan-wilhelm/PeerReview,html,2023-09-11
https://github.com/jan-wilhelm/PeerReview,html5,2023-09-11
https://github.com/jan-wilhelm/PeerReview,http,2023-09-11
https://github.com/jan-wilhelm/PeerReview,javascript,2023-09-11
https://github.com/jan-wilhelm/PeerReview,js,2023-09-11
https://github.com/jan-wilhelm/PeerReview,json,2023-09-11
https://github.com/jan-wilhelm/PeerReview,material-design,2023-09-11
https://github.com/jan-wilhelm/PeerReview,materializecss,2023-09-11
https://github.com/jan-wilhelm/PeerReview,mysql,2023-09-11
https://github.com/jan-wilhelm/PeerReview,php,2023-09-11
https://github.com/jan-wilhelm/PeerReview,php7,2023-09-11
https://github.com/jan-wilhelm/PeerReview,review,2023-09-11
https://github.com/jan-wilhelm/PeerReview,review-tools,2023-09-11
https://github.com/jan-wilhelm/PeerReview,reviewboard,2023-09-11
https://github.com/jan-wilhelm/PeerReview,web,2023-09-11
https://github.com/jan-wilhelm/PeerReview,web-application,2023-09-11
https://github.com/jan-wilhelm/PeerReview,webapp,2023-09-11
https://github.com/jan-wilhelm/PeerReview,website,2023-09-11
https://github.com/jannametz/bankApp,bank-application,2023-09-11
https://github.com/jgontrum/aiohttp-scraper,aiohttp,2023-09-11
https://github.com/jgontrum/aiohttp-scraper,asynchronous,2023-09-11
https://github.com/jgontrum/aiohttp-scraper,asyncio,2023-09-11
https://github.com/jgontrum/aiohttp-scraper,python,2023-09-11
https://github.com/jgontrum/aiohttp-scraper,scraping,2023-09-11
https://github.com/jgontrum/aiohttp-scraper,webscraping,2023-09-11
https://github.com/jgontrum/cky-parser-optimization,course,2023-09-11
https://github.com/jgontrum/cky-parser-optimization,language-processing,2023-09-11
https://github.com/jgontrum/cky-parser-optimization,nlp,2023-09-11
https://github.com/jgontrum/cky-parser-optimization,parsing,2023-09-11
https://github.com/jgontrum/cky-parser-optimization,syntactic-parsing,2023-09-11
https://github.com/jgontrum/cky-parser-optimization,university,2023-09-11
https://github.com/jgontrum/cky-parser-optimization,uppsala-university,2023-09-11
https://github.com/jgontrum/connexion-cookiecutter,connexion,2023-09-11
https://github.com/jgontrum/connexion-cookiecutter,cookiecutter,2023-09-11
https://github.com/jgontrum/connexion-cookiecutter,docker,2023-09-11
https://github.com/jgontrum/connexion-cookiecutter,logstash,2023-09-11
https://github.com/jgontrum/connexion-cookiecutter,microservice,2023-09-11
https://github.com/jgontrum/connexion-cookiecutter,restful-api,2023-09-11
https://github.com/jgontrum/connexion-cookiecutter,template,2023-09-11
https://github.com/jgontrum/CorpusHashtagStatistics,analysis,2023-09-11
https://github.com/jgontrum/CorpusHashtagStatistics,corpus,2023-09-11
https://github.com/jgontrum/CorpusHashtagStatistics,hashtags,2023-09-11
https://github.com/jgontrum/CorpusHashtagStatistics,linguistics,2023-09-11
https://github.com/jgontrum/CorpusHashtagStatistics,nlp,2023-09-11
https://github.com/jgontrum/CorpusHashtagStatistics,statistics,2023-09-11
https://github.com/jgontrum/CorpusHashtagStatistics,twitter,2023-09-11
https://github.com/jgontrum/fastapi_jwt_auth_with_aws_cognito,authentication,2023-09-11
https://github.com/jgontrum/fastapi_jwt_auth_with_aws_cognito,aws,2023-09-11
https://github.com/jgontrum/fastapi_jwt_auth_with_aws_cognito,cognito,2023-09-11
https://github.com/jgontrum/fastapi_jwt_auth_with_aws_cognito,fastapi,2023-09-11
https://github.com/jgontrum/fastapi_jwt_auth_with_aws_cognito,jwt,2023-09-11
https://github.com/jgontrum/jenkins-dind-slave,ci,2023-09-11
https://github.com/jgontrum/jenkins-dind-slave,continuous-integration,2023-09-11
https://github.com/jgontrum/jenkins-dind-slave,docker,2023-09-11
https://github.com/jgontrum/jenkins-dind-slave,jenkins,2023-09-11
https://github.com/jgontrum/lyrics-scrapy,elasticsearch,2023-09-11
https://github.com/jgontrum/lyrics-scrapy,lyrics,2023-09-11
https://github.com/jgontrum/lyrics-scrapy,music,2023-09-11
https://github.com/jgontrum/lyrics-scrapy,python,2023-09-11
https://github.com/jgontrum/lyrics-scrapy,scraper,2023-09-11
https://github.com/jgontrum/lyrics-scrapy,scrapy,2023-09-11
https://github.com/jgontrum/lyrics-scrapy,songs,2023-09-11
https://github.com/jgontrum/parseridge,dependency-parsing,2023-09-11
https://github.com/jgontrum/parseridge,natural-language-processing,2023-09-11
https://github.com/jgontrum/parseridge,parsing-library,2023-09-11
https://github.com/jgontrum/parseridge,pytorch,2023-09-11
https://github.com/jgontrum/parseridge,research,2023-09-11
https://github.com/jgontrum/spacy-api-docker,docker,2023-09-11
https://github.com/jgontrum/spacy-api-docker,microservice,2023-09-11
https://github.com/jgontrum/spacy-api-docker,natural-language-processing,2023-09-11
https://github.com/jgontrum/spacy-api-docker,parsing,2023-09-11
https://github.com/jgontrum/spacy-api-docker,restful-api,2023-09-11
https://github.com/jgontrum/spacy-api-docker,spacy,2023-09-11
https://github.com/jgontrum/uu-lt-nlp,nlp,2023-09-11
https://github.com/jgontrum/uu-lt-nlp,parsing,2023-09-11
https://github.com/jgontrum/uu-lt-nlp,uni,2023-09-11
https://github.com/jgontrum/uu-lt-nlp,university,2023-09-11
https://github.com/jgontrum/uu-lt-nlp,uppsala,2023-09-11
https://github.com/jgontrum/uu-lt-nlp,uppsala-university,2023-09-11
https://github.com/jgontrum/uu-lt-programming-i,academia,2023-09-11
https://github.com/jgontrum/uu-lt-programming-i,assignments,2023-09-11
https://github.com/jgontrum/uu-lt-programming-i,university-course,2023-09-11
https://github.com/jujara/jujara,config,2023-09-11
https://github.com/jujara/jujara,github-config,2023-09-11
https://github.com/julians/nunjucks-loader,jinja,2023-09-11
https://github.com/julians/nunjucks-loader,loader,2023-09-11
https://github.com/julians/nunjucks-loader,nunjucks,2023-09-11
https://github.com/julians/nunjucks-loader,template,2023-09-11
https://github.com/julians/nunjucks-loader,webpack,2023-09-11
https://github.com/julians/probing-projections,mds,2023-09-11
https://github.com/julians/probing-projections,visualization,2023-09-11
https://github.com/juliusgarbe/dotfiles,bash,2023-09-11
https://github.com/juliusgarbe/dotfiles,dotfiles,2023-09-11
https://github.com/juliusgarbe/dotfiles,git,2023-09-11
https://github.com/juliusgarbe/dotfiles,iterm2,2023-09-11
https://github.com/juliusgarbe/dotfiles,macos,2023-09-11
https://github.com/juliusgarbe/dotfiles,nord,2023-09-11
https://github.com/juliusgarbe/dotfiles,oh-my-zsh,2023-09-11
https://github.com/juliusgarbe/dotfiles,shell,2023-09-11
https://github.com/juliusgarbe/dotfiles,unix,2023-09-11
https://github.com/juliusgarbe/dotfiles,vim,2023-09-11
https://github.com/juliusgarbe/dotfiles,zsh,2023-09-11
https://github.com/justTil/xu-web-ai-project-22,ai-playground,2023-09-11
https://github.com/katjakon/hausa-pos,hausa,2023-09-11
https://github.com/katjakon/hausa-pos,hausa-nlp,2023-09-11
https://github.com/katjakon/hausa-pos,low-resource,2023-09-11
https://github.com/katjakon/hausa-pos,part-of-speech-tagging,2023-09-11
https://github.com/katjakon/Text-Mining-Wahlprogramme,bundestagswahl,2023-09-11
https://github.com/katjakon/Text-Mining-Wahlprogramme,corpus-data,2023-09-11
https://github.com/katjakon/Text-Mining-Wahlprogramme,r,2023-09-11
https://github.com/katjakon/Text-Mining-Wahlprogramme,wahlprogramm,2023-09-11
https://github.com/krono/dotfiles,dotfiles,2023-09-11
https://github.com/krr-up/asp-macros,essentials,2023-09-11
https://github.com/krr-up/asp-macros,latex,2023-09-11
https://github.com/krr-up/bibliography,bibfiles,2023-09-11
https://github.com/krr-up/bibliography,bibliography,2023-09-11
https://github.com/krr-up/bibliography,bibtex,2023-09-11
https://github.com/krr-up/bibliography,essentials,2023-09-11
https://github.com/krr-up/bibliography,references,2023-09-11
https://github.com/krr-up/latex-collaboration-guide,documentation,2023-09-11
https://github.com/krr-up/latex-collaboration-guide,essentials,2023-09-11
https://github.com/krr-up/latex-collaboration-guide,latex,2023-09-11
https://github.com/krr-up/latex-paper-template,essentials,2023-09-11
https://github.com/krr-up/latex-paper-template,latex,2023-09-11
https://github.com/krr-up/latex-style-comments,latex,2023-09-11
https://github.com/krr-up/latex-style-comments,latex-style,2023-09-11
https://github.com/krr-up/logos,essentials,2023-09-11
https://github.com/krr-up/logos,logos,2023-09-11
https://github.com/krr-up/mapf-instance-generator,answer-set-programming,2023-09-11
https://github.com/krr-up/mapf-instance-generator,asp,2023-09-11
https://github.com/krr-up/mapf-instance-generator,content-generation,2023-09-11
https://github.com/krr-up/mapf-instance-generator,instance-generation,2023-09-11
https://github.com/krr-up/mapf-instance-generator,mapf,2023-09-11
https://github.com/krr-up/mapf-instance-generator,multi-agent-pathfinding,2023-09-11
https://github.com/kryptokommunist/board-generator,game-board,2023-09-11
https://github.com/kryptokommunist/board-generator,laser-cutting,2023-09-11
https://github.com/kryptokommunist/board-generator,python,2023-09-11
https://github.com/kryptokommunist/Jupyter_FreeCAD,3dviewer,2023-09-11
https://github.com/kryptokommunist/Jupyter_FreeCAD,freecad,2023-09-11
https://github.com/kryptokommunist/Jupyter_FreeCAD,jupyter,2023-09-11
https://github.com/kryptokommunist/Jupyter_FreeCAD,jupyter-freecad,2023-09-11
https://github.com/kryptokommunist/Jupyter_FreeCAD,jupyter-notebook,2023-09-11
https://github.com/kryptokommunist/Jupyter_FreeCAD,pythreejs,2023-09-11
https://github.com/kryptokommunist/planar_graphs,learning,2023-09-11
https://github.com/kryptokommunist/planar_graphs,online-course,2023-09-11
https://github.com/kryptokommunist/planar_graphs,planar-graphs,2023-09-11
https://github.com/kryptokommunist/Snake,arduino-library,2023-09-11
https://github.com/kryptokommunist/Snake,game,2023-09-11
https://github.com/kryptokommunist/Snake,snake,2023-09-11
https://github.com/kryptokommunist/tolv,3d-printing,2023-09-11
https://github.com/kryptokommunist/tolv,art,2023-09-11
https://github.com/kryptokommunist/tolv,cad,2023-09-11
https://github.com/kryptokommunist/tolv,diy,2023-09-11
https://github.com/kryptokommunist/tolv,freecad,2023-09-11
https://github.com/kryptokommunist/tolv,hardware,2023-09-11
https://github.com/kryptokommunist/tolv,kicad,2023-09-11
https://github.com/kryptokommunist/tolv,kicad-schematics,2023-09-11
https://github.com/kryptokommunist/tolv,lamps,2023-09-11
https://github.com/kryptokommunist/tolv,led,2023-09-11
https://github.com/kryptokommunist/tolv,leds,2023-09-11
https://github.com/kryptokommunist/tolv,lightart,2023-09-11
https://github.com/laura-riedel/ASP-miniprojects,answer-set-programming,2023-09-11
https://github.com/laura-riedel/ASP-miniprojects,clingo,2023-09-11
https://github.com/laura-riedel/Final-Project-ANLP-21-22,bilstm,2023-09-11
https://github.com/laura-riedel/Final-Project-ANLP-21-22,logistic-regression,2023-09-11
https://github.com/laura-riedel/Final-Project-ANLP-21-22,multiclass-classification,2023-09-11
https://github.com/laura-riedel/Final-Project-ANLP-21-22,semeval-2022,2023-09-11
https://github.com/laura-riedel/ML-IDA-1-final-project,data-analysis,2023-09-11
https://github.com/laura-riedel/ML-IDA-1-final-project,simple-machine-learning,2023-09-11
https://github.com/linusha/redshift-blocklet,i3,2023-09-11
https://github.com/linusha/redshift-blocklet,i3blocks,2023-09-11
https://github.com/linusha/redshift-blocklet,redshift,2023-09-11
https://github.com/lucashoeft/huddle,docker,2023-09-11
https://github.com/lucashoeft/huddle,postgresql,2023-09-11
https://github.com/lucashoeft/huddle,spring-boot,2023-09-11
https://github.com/lucashoeft/Intelligent-Data-Analysis-2-Project,cnn,2023-09-11
https://github.com/lucashoeft/Intelligent-Data-Analysis-2-Project,eurosat,2023-09-11
https://github.com/lucashoeft/Intelligent-Data-Analysis-2-Project,keras,2023-09-11
https://github.com/lucashoeft/Intelligent-Data-Analysis-2-Project,resnet,2023-09-11
https://github.com/lucashoeft/Intelligent-Data-Analysis-2-Project,sklearn,2023-09-11
https://github.com/lucashoeft/Intelligent-Data-Analysis-2-Project,tensorflow,2023-09-11
https://github.com/lucashoeft/Intelligent-Data-Analysis-Project,pandas,2023-09-11
https://github.com/lucashoeft/Intelligent-Data-Analysis-Project,sklearn,2023-09-11
https://github.com/lucashoeft/lagerverwaltungssystem,awt,2023-09-11
https://github.com/lucashoeft/lagerverwaltungssystem,java,2023-09-11
https://github.com/lucashoeft/lagerverwaltungssystem,swing,2023-09-11
https://github.com/lucashoeft/LSHContributionView,calendar-view,2023-09-11
https://github.com/lucashoeft/LSHContributionView,contribution-graph,2023-09-11
https://github.com/lucashoeft/LSHContributionView,contributions-calendar,2023-09-11
https://github.com/lucashoeft/LSHContributionView,gitstats,2023-09-11
https://github.com/lucashoeft/LSHContributionView,ios,2023-09-11
https://github.com/lucashoeft/LSHContributionView,swift,2023-09-11
https://github.com/lucashoeft/Personal-Website,bulma,2023-09-11
https://github.com/lucashoeft/Personal-Website,jekyll,2023-09-11
https://github.com/lucashoeft/Personal-Website,sass,2023-09-11
https://github.com/lucashoeft/PictoGuessr,swift,2023-09-11
https://github.com/matthiashimmelmann/matthiashimmelmann,config,2023-09-11
https://github.com/matthiashimmelmann/matthiashimmelmann,github-config,2023-09-11
https://github.com/maxseidler/IDA2-Project,breast-cancer,2023-09-11
https://github.com/maxseidler/IDA2-Project,cnn-classification,2023-09-11
https://github.com/maxseidler/IDA2-Project,keras,2023-09-11
https://github.com/maxseidler/tensorflow-from-source,tensorflow,2023-09-11
https://github.com/MiroslavVitkov/cgetset,c,2023-09-11
https://github.com/MiroslavVitkov/cgetset,code-generation,2023-09-11
https://github.com/MiroslavVitkov/cgetset,self-contained,2023-09-11
https://github.com/MiroslavVitkov/gender,linguistics,2023-09-11
https://github.com/MiroslavVitkov/gender,ml,2023-09-11
https://github.com/MiroslavVitkov/jtut,introduction,2023-09-11
https://github.com/MiroslavVitkov/jtut,java,2023-09-11
https://github.com/MiroslavVitkov/megaboot,avr,2023-09-11
https://github.com/MiroslavVitkov/megaboot,bootloader,2023-09-11
https://github.com/MiroslavVitkov/megaboot,firmware,2023-09-11
https://github.com/MiroslavVitkov/megaboot,serialport,2023-09-11
https://github.com/MiroslavVitkov/rat,chat,2023-09-11
https://github.com/MiroslavVitkov/rat,security,2023-09-11
https://github.com/MiroslavVitkov/rat,simple,2023-09-11
https://github.com/MiroslavVitkov/vg,computer-vision,2023-09-11
https://github.com/MiroslavVitkov/vg,dataset,2023-09-11
https://github.com/MiroslavVitkov/vg,ml,2023-09-11
https://github.com/mittelmark/athi,package,2023-09-11
https://github.com/mittelmark/athi,r,2023-09-11
https://github.com/mittelmark/athi,scores,2023-09-11
https://github.com/mittelmark/citer,bibtex,2023-09-11
https://github.com/mittelmark/citer,package,2023-09-11
https://github.com/mittelmark/citer,tcl,2023-09-11
https://github.com/mittelmark/dbpp,database,2023-09-11
https://github.com/mittelmark/dbpp,python,2023-09-11
https://github.com/mittelmark/dbpp,python3,2023-09-11
https://github.com/mittelmark/dbpp,tcl,2023-09-11
https://github.com/mittelmark/dbpp,tcltk,2023-09-11
https://github.com/mittelmark/dbpp,tk-gui-toolkit,2023-09-11
https://github.com/mittelmark/dbpp,tkinter,2023-09-11
https://github.com/mittelmark/DGTcl,abc-notation,2023-09-11
https://github.com/mittelmark/DGTcl,latex-math,2023-09-11
https://github.com/mittelmark/DGTcl,markdown,2023-09-11
https://github.com/mittelmark/DGTcl,pandoc,2023-09-11
https://github.com/mittelmark/DGTcl,pandoc-filter,2023-09-11
https://github.com/mittelmark/DGTcl,pandoc-filters,2023-09-11
https://github.com/mittelmark/DGTcl,sqlite3,2023-09-11
https://github.com/mittelmark/DGTcl,tcl,2023-09-11
https://github.com/mittelmark/DGTcl,tk,2023-09-11
https://github.com/mittelmark/Emil,oop,2023-09-11
https://github.com/mittelmark/Emil,prototype-programming,2023-09-11
https://github.com/mittelmark/Emil,r-language,2023-09-11
https://github.com/mittelmark/Emil,r-package,2023-09-11
https://github.com/mittelmark/hanna,monte-carlo-simulation,2023-09-11
https://github.com/mittelmark/hanna,r-package,2023-09-11
https://github.com/mittelmark/kroki4tcl,diagrams,2023-09-11
https://github.com/mittelmark/kroki4tcl,ditaa,2023-09-11
https://github.com/mittelmark/kroki4tcl,erd,2023-09-11
https://github.com/mittelmark/kroki4tcl,flowcharts,2023-09-11
https://github.com/mittelmark/kroki4tcl,graphviz,2023-09-11
https://github.com/mittelmark/kroki4tcl,kroki,2023-09-11
https://github.com/mittelmark/kroki4tcl,pikchr,2023-09-11
https://github.com/mittelmark/kroki4tcl,plantuml,2023-09-11
https://github.com/mittelmark/kroki4tcl,tcl,2023-09-11
https://github.com/mittelmark/microemacs,crossplatform,2023-09-11
https://github.com/mittelmark/microemacs,editor,2023-09-11
https://github.com/mittelmark/microemacs,emacs,2023-09-11
https://github.com/mittelmark/microemacs,gui-editor,2023-09-11
https://github.com/mittelmark/microemacs,linux,2023-09-11
https://github.com/mittelmark/microemacs,macos,2023-09-11
https://github.com/mittelmark/microemacs,microemacs,2023-09-11
https://github.com/mittelmark/microemacs,terminal-editor,2023-09-11
https://github.com/mittelmark/microemacs,text-editor,2023-09-11
https://github.com/mittelmark/microemacs,windows,2023-09-11
https://github.com/mittelmark/minipy,package-template,2023-09-11
https://github.com/mittelmark/minipy,python,2023-09-11
https://github.com/mittelmark/mm-example-vim,vim,2023-09-11
https://github.com/mittelmark/mm-example-vim,vim-plugin,2023-09-11
https://github.com/mittelmark/mm-example-vim,vimscript,2023-09-11
https://github.com/mittelmark/oowidgets,megawidget,2023-09-11
https://github.com/mittelmark/oowidgets,tcl,2023-09-11
https://github.com/mittelmark/oowidgets,tcltk,2023-09-11
https://github.com/mittelmark/oowidgets,tk,2023-09-11
https://github.com/mittelmark/pandoc-filters,lua,2023-09-11
https://github.com/mittelmark/pandoc-filters,lua-filters,2023-09-11
https://github.com/mittelmark/pandoc-filters,markdown,2023-09-11
https://github.com/mittelmark/pandoc-filters,pandoc-filter,2023-09-11
https://github.com/mittelmark/pandoc-filters,python,2023-09-11
https://github.com/mittelmark/pandoc-filters,tcl,2023-09-11
https://github.com/mittelmark/pantcl,diagram,2023-09-11
https://github.com/mittelmark/pantcl,graphviz,2023-09-11
https://github.com/mittelmark/pantcl,markdown,2023-09-11
https://github.com/mittelmark/pantcl,pandoc,2023-09-11
https://github.com/mittelmark/pantcl,pandoc-filter,2023-09-11
https://github.com/mittelmark/pantcl,plantuml,2023-09-11
https://github.com/mittelmark/pantcl,python,2023-09-11
https://github.com/mittelmark/pantcl,r,2023-09-11
https://github.com/mittelmark/pantcl,r-programming,2023-09-11
https://github.com/mittelmark/pantcl,tcl,2023-09-11
https://github.com/mittelmark/pantcl4r,literate-programming,2023-09-11
https://github.com/mittelmark/pantcl4r,markdown,2023-09-11
https://github.com/mittelmark/pantcl4r,r-package,2023-09-11
https://github.com/mittelmark/Rpkg,package-template,2023-09-11
https://github.com/mittelmark/Rpkg,r,2023-09-11
https://github.com/mittelmark/Rpkg,r-language,2023-09-11
https://github.com/mittelmark/Rpkg,r-package,2023-09-11
https://github.com/mittelmark/shtmlview,html,2023-09-11
https://github.com/mittelmark/shtmlview,markdown,2023-09-11
https://github.com/mittelmark/shtmlview,tcl,2023-09-11
https://github.com/mittelmark/shtmlview,tcl-tk,2023-09-11
https://github.com/mittelmark/shtmlview,tk,2023-09-11
https://github.com/mittelmark/shtmlview,widget,2023-09-11
https://github.com/mittelmark/snha,correlation-analysis,2023-09-11
https://github.com/mittelmark/snha,network,2023-09-11
https://github.com/mittelmark/snha,network-analysis,2023-09-11
https://github.com/mittelmark/snha,network-reconstruction,2023-09-11
https://github.com/mittelmark/snha,r-package,2023-09-11
https://github.com/mittelmark/snha-gui,correlation,2023-09-11
https://github.com/mittelmark/snha-gui,graph,2023-09-11
https://github.com/mittelmark/snha-gui,graph-algorithms,2023-09-11
https://github.com/mittelmark/snha-gui,r,2023-09-11
https://github.com/mittelmark/snha-gui,st-nicolas-house-algorithm,2023-09-11
https://github.com/mittelmark/tclmain,tcl,2023-09-11
https://github.com/mittelmark/tclmain,tcl-applications,2023-09-11
https://github.com/mittelmark/tclmain,tcl-scripts,2023-09-11
https://github.com/mittelmark/tsvg,graphics,2023-09-11
https://github.com/mittelmark/tsvg,package,2023-09-11
https://github.com/mittelmark/tsvg,svg,2023-09-11
https://github.com/mittelmark/tsvg,tcl,2023-09-11
https://github.com/mittelmark/yeti,parser,2023-09-11
https://github.com/mittelmark/yeti,parser-generator,2023-09-11
https://github.com/mittelmark/yeti,scanner,2023-09-11
https://github.com/mittelmark/yeti,scanner-generator,2023-09-11
https://github.com/mittelmark/yeti,tcl,2023-09-11
https://github.com/niccokunzmann/fossasia-badge-generator,badge,2023-09-11
https://github.com/niccokunzmann/fossasia-badge-generator,csv,2023-09-11
https://github.com/niccokunzmann/fossasia-badge-generator,fossasia,2023-09-11
https://github.com/niccokunzmann/fossasia-badge-generator,pdf,2023-09-11
https://github.com/niccokunzmann/fossasia-badge-generator,python,2023-09-11
https://github.com/niccokunzmann/fossasia-badge-generator,shell,2023-09-11
https://github.com/niccokunzmann/fossasia-badge-generator,svg,2023-09-11
https://github.com/niccokunzmann/fossasia-badge-generator,travis,2023-09-11
https://github.com/NicoNico6/Implement-of-Channel-Pruning-With-Pytorch,compression-algorithm,2023-09-11
https://github.com/NicoNico6/Implement-of-Channel-Pruning-With-Pytorch,python,2023-09-11
https://github.com/NicoNico6/Implement-of-Channel-Pruning-With-Pytorch,pytorch,2023-09-11
https://github.com/noahnawara/processing,design,2023-09-11
https://github.com/noahnawara/processing,processing,2023-09-11
https://github.com/owrel/clindoc,asp,2023-09-11
https://github.com/owrel/clindoc,clingo,2023-09-11
https://github.com/owrel/clindoc,documentation,2023-09-11
https://github.com/owrel/clindoc,tooling,2023-09-11
https://github.com/owrel/cloc,asp,2023-09-11
https://github.com/owrel/cloc,clingo,2023-09-11
https://github.com/owrel/cloc,tooling,2023-09-11
https://github.com/owrel/owrel,config,2023-09-11
https://github.com/owrel/owrel,github-config,2023-09-11
https://github.com/pacman82/odbc-api,odbc-api,2023-09-11
https://github.com/pacman82/odbc-api,rust,2023-09-11
https://github.com/pacman82/odbc-sys,ffi,2023-09-11
https://github.com/pacman82/odbc-sys,odbc,2023-09-11
https://github.com/pacman82/odbc-sys,rust,2023-09-11
https://github.com/pacman82/odbc2parquet,odbc,2023-09-11
https://github.com/pacman82/odbc2parquet,parquet,2023-09-11
https://github.com/PedroSatorreMulet/PedroSatorreMulet,config,2023-09-11
https://github.com/PedroSatorreMulet/PedroSatorreMulet,github-config,2023-09-11
https://github.com/peldszus/alpha-zero-general-lib,alpha-zero,2023-09-11
https://github.com/peldszus/alpha-zero-general-lib,alphazero,2023-09-11
https://github.com/peldszus/alpha-zero-general-lib,mcts,2023-09-11
https://github.com/peldszus/alpha-zero-general-lib,monte-carlo-tree-search,2023-09-11
https://github.com/peldszus/alpha-zero-general-lib,othello,2023-09-11
https://github.com/peldszus/alpha-zero-general-lib,ray,2023-09-11
https://github.com/peldszus/alpha-zero-general-lib,reinforcement-learning,2023-09-11
https://github.com/peldszus/alpha-zero-general-lib,self-play,2023-09-11
https://github.com/peldszus/evidencegraph,argument-mining,2023-09-11
https://github.com/peldszus/evidencegraph,argumentation-mining,2023-09-11
https://github.com/peldszus/evidencegraph,discourse,2023-09-11
https://github.com/peldszus/evidencegraph,nlp,2023-09-11
https://github.com/peldszus/evidencegraph,python,2023-09-11
https://github.com/peldszus/joty-rstparser-docker,discource,2023-09-11
https://github.com/peldszus/joty-rstparser-docker,discourse-parser,2023-09-11
https://github.com/peldszus/joty-rstparser-docker,dockerfile,2023-09-11
https://github.com/peldszus/joty-rstparser-docker,nlp,2023-09-11
https://github.com/peldszus/joty-rstparser-docker,rhetorical-structure-theory,2023-09-11
https://github.com/peldszus/joty-rstparser-docker,rst,2023-09-11
https://github.com/peldszus/joty-rstparser-docker,rst-parser,2023-09-11
https://github.com/philipp-bode/lock-free-pc,causal-inference,2023-09-11
https://github.com/philipp-bode/lock-free-pc,concurrent,2023-09-11
https://github.com/philipp-bode/lock-free-pc,constraint-based,2023-09-11
https://github.com/philipp-bode/lock-free-pc,lock-free,2023-09-11
https://github.com/philipp-bode/lock-free-pc,pc-algorithm,2023-09-11
https://github.com/philipp-bode/random_genre_bot,flask,2023-09-11
https://github.com/philipp-bode/random_genre_bot,heroku,2023-09-11
https://github.com/philipp-bode/random_genre_bot,spotify,2023-09-11
https://github.com/philipp-bode/random_genre_bot,telegram,2023-09-11
https://github.com/potassco/anthem,asp,2023-09-11
https://github.com/potassco/anthem,first-order-logic,2023-09-11
https://github.com/potassco/anthem,theorem-proving,2023-09-11
https://github.com/potassco/anthem,verification,2023-09-11
https://github.com/potassco/clingo,answer-set-programming,2023-09-11
https://github.com/potassco/clingo,declarative-programming,2023-09-11
https://github.com/potassco/clingo,logic-programming,2023-09-11
https://github.com/potassco/clingo-rs,clingo,2023-09-11
https://github.com/potassco/clingo-rs,rust-bindings,2023-09-11
https://github.com/potassco/clingo-vs-telingo-planning,benchmark,2023-09-11
https://github.com/potassco/clingo-vs-telingo-planning,clingo,2023-09-11
https://github.com/potassco/clingo-vs-telingo-planning,linear-temporal-logic,2023-09-11
https://github.com/potassco/clingo-vs-telingo-planning,telingo,2023-09-11
https://github.com/potassco/pddl-instances,benchmark,2023-09-11
https://github.com/potassco/pddl-instances,ipc,2023-09-11
https://github.com/potassco/pddl-instances,pddl,2023-09-11
https://github.com/potassco/pddl-instances,planning,2023-09-11
https://github.com/potassco/plasp,asp,2023-09-11
https://github.com/potassco/plasp,pddl,2023-09-11
https://github.com/potassco/plasp,planning,2023-09-11
https://github.com/potassco/plasp,sas,2023-09-11
https://github.com/resfahani/GMD,autoencoder,2023-09-11
https://github.com/resfahani/GMD,dimensionality-reduction,2023-09-11
https://github.com/resfahani/GMD,engineering,2023-09-11
https://github.com/resfahani/GMD,gmm,2023-09-11
https://github.com/resfahani/GMD,groundmotionmodel,2023-09-11
https://github.com/resfahani/GMD,seismology,2023-09-11
https://github.com/resfahani/GVM-Player,audio,2023-09-11
https://github.com/resfahani/GVM-Player,audio-analysis,2023-09-11
https://github.com/resfahani/GVM-Player,audio-player,2023-09-11
https://github.com/resfahani/GVM-Player,audio-visualizer,2023-09-11
https://github.com/resfahani/HRRT,geophysics,2023-09-11
https://github.com/resfahani/HRRT,high-resolution,2023-09-11
https://github.com/resfahani/HRRT,linear,2023-09-11
https://github.com/resfahani/HRRT,radon,2023-09-11
https://github.com/resfahani/HRRT,seismology,2023-09-11
https://github.com/resfahani/HRRT,slant,2023-09-11
https://github.com/resfahani/HRRT,stack,2023-09-11
https://github.com/resfahani/HRRT,transform,2023-09-11
https://github.com/resfahani/SparseTFR,earthquake,2023-09-11
https://github.com/resfahani/SparseTFR,earthquake-engineering,2023-09-11
https://github.com/resfahani/SparseTFR,fourier-transform,2023-09-11
https://github.com/resfahani/SparseTFR,geophysics,2023-09-11
https://github.com/resfahani/SparseTFR,seismology,2023-09-11
https://github.com/resfahani/SparseTFR,signal-processing,2023-09-11
https://github.com/resfahani/SparseTFR,stft,2023-09-11
https://github.com/resfahani/SparseTFR,stockwell-transform,2023-09-11
https://github.com/resfahani/TFCGAN,cgan,2023-09-11
https://github.com/resfahani/TFCGAN,generative-adversarial-network,2023-09-11
https://github.com/resfahani/TFCGAN,ground-motion,2023-09-11
https://github.com/resfahani/TFCGAN,ground-motion-simulation,2023-09-11
https://github.com/resfahani/TFCGAN,groundshaking,2023-09-11
https://github.com/resfahani/TFCGAN,phaseretrieval,2023-09-11
https://github.com/rknaebel/bbc-discourse,discourse-parsing,2023-09-11
https://github.com/rknaebel/bbc-discourse,lrec2020,2023-09-11
https://github.com/rknaebel/bbc-discourse,nlp,2023-09-11
https://github.com/rknaebel/bbc-discourse,sdp,2023-09-11
https://github.com/rknaebel/bbc-discourse,semi-supervised-learning,2023-09-11
https://github.com/rknaebel/discopy,discourse-analysis,2023-09-11
https://github.com/rknaebel/discopy,discourse-parsing,2023-09-11
https://github.com/rknaebel/discopy,machine-learning,2023-09-11
https://github.com/rknaebel/discopy,nlp,2023-09-11
https://github.com/rknaebel/discopy,pdtb,2023-09-11
https://github.com/rknaebel/discopy,shallow-discourse-parser,2023-09-11
https://github.com/rknaebel/landslide,accident-detection,2023-09-11
https://github.com/rknaebel/landslide,deep-learning,2023-09-11
https://github.com/rknaebel/landslide,research-project,2023-09-11
https://github.com/rknaebel/landslide,satellite,2023-09-11
https://github.com/rknaebel/neural-conn-sdp,codi,2023-09-11
https://github.com/rknaebel/neural-conn-sdp,discourse-parsing,2023-09-11
https://github.com/rknaebel/neural-conn-sdp,emnlp2020,2023-09-11
https://github.com/rknaebel/neural-conn-sdp,pdtb,2023-09-11
https://github.com/rknaebel/neural-conn-sdp,word-embeddings,2023-09-11
https://github.com/rmiddelanis/rmiddelanis,config,2023-09-11
https://github.com/rmiddelanis/rmiddelanis,github-config,2023-09-11
https://github.com/rnschmdlr/GAM_project,chromatin-organisation,2023-09-11
https://github.com/rnschmdlr/GAM_project,entropy,2023-09-11
https://github.com/Rullec/PathTracer,c-plus-plus,2023-09-11
https://github.com/Rullec/PathTracer,computer-graphics-project,2023-09-11
https://github.com/Rullec/PathTracer,path-tracing,2023-09-11
https://github.com/Rullec/PathTracer,rendering,2023-09-11
https://github.com/Rullec/WaterSim,fluid-simulation,2023-09-11
https://github.com/Rullec/WaterSim,particle-system,2023-09-11
https://github.com/Rullec/WaterSim,python,2023-09-11
https://github.com/Rullec/WaterSim,simulation,2023-09-11
https://github.com/Rullec/WaterSim,sph,2023-09-11
https://github.com/Rullec/WaterSim,water-simulation,2023-09-11
https://github.com/Shuwen27/Shuwen27,config,2023-09-11
https://github.com/Shuwen27/Shuwen27,github-config,2023-09-11
https://github.com/SoenBeier/Schachspiel,schach,2023-09-11
https://github.com/SoenBeier/Schachspiel,student-project,2023-09-11
https://github.com/SoenBeier/scientific_computing_Projekt,physik,2023-09-11
https://github.com/SoenBeier/scientific_computing_Projekt,projektarbeit,2023-09-11
https://github.com/soslavsk/geomorphSAR,geomorphology,2023-09-11
https://github.com/soslavsk/geomorphSAR,sar,2023-09-11
https://github.com/soslavsk/geomorphSAR,topography,2023-09-11
https://github.com/susuhahnml/asp-game-strategies,answer-set-programming,2023-09-11
https://github.com/susuhahnml/asp-game-strategies,clingo,2023-09-11
https://github.com/susuhahnml/asp-game-strategies,game-strategy,2023-09-11
https://github.com/susuhahnml/asp-game-strategies,ilasp,2023-09-11
https://github.com/susuhahnml/asp-game-strategies,minimax,2023-09-11
https://github.com/susuhahnml/asp-game-strategies,monte-carlo-tree-search,2023-09-11
https://github.com/susuhahnml/asp-game-strategies,nim,2023-09-11
https://github.com/susuhahnml/asp-game-strategies,tic-tac-toe,2023-09-11
https://github.com/thogaertner/thogaertner,config,2023-09-11
https://github.com/thogaertner/thogaertner,github-config,2023-09-11
https://github.com/TillF/directional_CRNS,crns,2023-09-11
https://github.com/TillF/directional_CRNS,directional-crns,2023-09-11
https://github.com/TillF/FDR2soilmoisture,conversion,2023-09-11
https://github.com/TillF/FDR2soilmoisture,fdr,2023-09-11
https://github.com/TillF/FDR2soilmoisture,moisture,2023-09-11
https://github.com/TillF/FDR2soilmoisture,package,2023-09-11
https://github.com/TillF/FDR2soilmoisture,r,2023-09-11
https://github.com/TillF/FDR2soilmoisture,soil,2023-09-11
https://github.com/TillF/MMEMO,hydrological-modelling,2023-09-11
https://github.com/TillF/MMEMO,sensitivity-analysis,2023-09-11
https://github.com/TillF/MMEMO,uncertainty-analysis,2023-09-11
https://github.com/TillF/ppso,dds,2023-09-11
https://github.com/TillF/ppso,dynamically-dimensioned-search,2023-09-11
https://github.com/TillF/ppso,optimization,2023-09-11
https://github.com/TillF/ppso,package,2023-09-11
https://github.com/TillF/ppso,parallel,2023-09-11
https://github.com/TillF/ppso,particle-swarm-optmization,2023-09-11
https://github.com/TillF/ppso,pso,2023-09-11
https://github.com/TillF/ppso,r,2023-09-11
https://github.com/TillF/SDI-logger,arduino,2023-09-11
https://github.com/TillF/SDI-logger,environmental,2023-09-11
https://github.com/TillF/SDI-logger,logger,2023-09-11
https://github.com/TillF/SDI-logger,mode,2023-09-11
https://github.com/TillF/SDI-logger,sdi12,2023-09-11
https://github.com/TillF/SDI-logger,sleep,2023-09-11
https://github.com/TillF/SoilDataPrep,parameterization,2023-09-11
https://github.com/TillF/SoilDataPrep,parameters,2023-09-11
https://github.com/TillF/SoilDataPrep,pedotransfer,2023-09-11
https://github.com/TillF/SoilDataPrep,soil,2023-09-11
https://github.com/TillF/SoilDataPrep,wasa-sed,2023-09-11
https://github.com/TillF/ssc_prediction,prediction,2023-09-11
https://github.com/TillF/ssc_prediction,qrf,2023-09-11
https://github.com/TillF/ssc_prediction,rf,2023-09-11
https://github.com/TillF/ssc_prediction,ssc,2023-09-11
https://github.com/TillF/ssc_prediction,suspended-sediment-concentration,2023-09-11
https://github.com/TillF/ssc_prediction,uncertainty,2023-09-11
https://github.com/TillF/WASA-SED,erosion,2023-09-11
https://github.com/TillF/WASA-SED,foss,2023-09-11
https://github.com/TillF/WASA-SED,hydrology,2023-09-11
https://github.com/TillF/WASA-SED,mesoscale,2023-09-11
https://github.com/TillF/WASA-SED,model,2023-09-11
https://github.com/TillF/WASA-SED,sediment,2023-09-11
https://github.com/Timmate/face-alignment-notebooks,deep3dfacereconstruction,2023-09-11
https://github.com/Timmate/face-alignment-notebooks,face-alignment,2023-09-11
https://github.com/ToBraun/RECLAC,lacunarity,2023-09-11
https://github.com/ToBraun/RECLAC,nonlinear,2023-09-11
https://github.com/ToBraun/RECLAC,python,2023-09-11
https://github.com/ToBraun/RECLAC,recurrence,2023-09-11
https://github.com/ToBraun/RECLAC,timeseries,2023-09-11
https://github.com/tschlemm/tschlemm,config,2023-09-11
https://github.com/tschlemm/tschlemm,github-config,2023-09-11
https://github.com/University-of-Potsdam-MM/Alexa,amazon-alexa-skill,2023-09-11
https://github.com/University-of-Potsdam-MM/Alexa,amazon-echo,2023-09-11
https://github.com/University-of-Potsdam-MM/Mobile.UP,angularjs,2023-09-11
https://github.com/University-of-Potsdam-MM/Mobile.UP,cordova,2023-09-11
https://github.com/University-of-Potsdam-MM/Mobile.UP,ionic,2023-09-11
https://github.com/University-of-Potsdam-MM/Mobile.UP,javascript,2023-09-11
https://github.com/University-of-Potsdam-MM/Mobile.UP,mobile-app,2023-09-11
https://github.com/University-of-Potsdam-MM/Mobile.UP,npm,2023-09-11
https://github.com/University-of-Potsdam-MM/Mobile.UP,potsdam,2023-09-11
https://github.com/University-of-Potsdam-MM/Mobile.UP,typescript,2023-09-11
https://github.com/University-of-Potsdam-MM/Reflect.UP,app,2023-09-11
https://github.com/University-of-Potsdam-MM/Reflect.UP,cordova,2023-09-11
https://github.com/University-of-Potsdam-MM/Reflect.UP,potsdam,2023-09-11
https://github.com/University-of-Potsdam-MM/Reflect.UP,university,2023-09-11
https://github.com/UP-RS-ESP/DEM-KZP,digital-elevation-model,2023-09-11
https://github.com/UP-RS-ESP/DEM-KZP,gdal,2023-09-11
https://github.com/UP-RS-ESP/DEM-KZP,geology,2023-09-11
https://github.com/UP-RS-ESP/DEM-KZP,geomorphology,2023-09-11
https://github.com/UP-RS-ESP/DEM-KZP,kzp,2023-09-11
https://github.com/UP-RS-ESP/DEM-KZP,matlab,2023-09-11
https://github.com/UP-RS-ESP/DEM-KZP,tectonics,2023-09-11
https://github.com/UP-RS-ESP/dtm-surface-area-and-slope,dtm,2023-09-11
https://github.com/UP-RS-ESP/dtm-surface-area-and-slope,geomorphology,2023-09-11
https://github.com/UP-RS-ESP/dtm-surface-area-and-slope,slope,2023-09-11
https://github.com/UP-RS-ESP/dtm-surface-area-and-slope,slope-distribution,2023-09-11
https://github.com/UP-RS-ESP/dtm-surface-area-and-slope,surface-area,2023-09-11
https://github.com/UP-RS-ESP/LidarPC-KDTree,cuda,2023-09-11
https://github.com/UP-RS-ESP/LidarPC-KDTree,kd-tree,2023-09-11
https://github.com/UP-RS-ESP/LidarPC-KDTree,lidar,2023-09-11
https://github.com/UP-RS-ESP/LidarPC-KDTree,pointcloud,2023-09-11
https://github.com/UP-RS-ESP/LidarPC-KDTree,python,2023-09-11
https://github.com/UP-RS-ESP/LidarPC-KDTree,structure-from-motion,2023-09-11
https://github.com/UP-RS-ESP/mfdrouting,catchment-area,2023-09-11
https://github.com/UP-RS-ESP/mfdrouting,digital-elevation-model,2023-09-11
https://github.com/UP-RS-ESP/mfdrouting,geomorphology,2023-09-11
https://github.com/UP-RS-ESP/MinGrid,digital-elevation-model,2023-09-11
https://github.com/UP-RS-ESP/MinGrid,geomorphology,2023-09-11
https://github.com/UP-RS-ESP/MinGrid,openmp,2023-09-11
https://github.com/UP-RS-ESP/MinGrid,point-clouds,2023-09-11
https://github.com/UP-RS-ESP/Normalize,gaussianize,2023-09-11
https://github.com/UP-RS-ESP/Normalize,normalization,2023-09-11
https://github.com/UP-RS-ESP/Normalize,quantile-normalization,2023-09-11
https://github.com/UP-RS-ESP/Normalize,time-series,2023-09-11
https://github.com/UP-RS-ESP/TopoMetricUncertainty,digital-elevation-model,2023-09-11
https://github.com/UP-RS-ESP/TopoMetricUncertainty,slope-calculation,2023-09-11
https://github.com/UP-RS-ESP/TopoMetricUncertainty,topographic-metrics,2023-09-11
https://github.com/UP-RS-ESP/TopoMetricUncertainty,uncertainty-propagation,2023-09-11
https://github.com/UP-RS-ESP/TopoMetricUncertainty,uncertainty-quantification,2023-09-11
https://github.com/vasishth/SMLP2017,bayes,2023-09-11
https://github.com/vasishth/SMLP2017,bayesian-inference,2023-09-11
https://github.com/vasishth/SMLP2017,frequentist-methods,2023-09-11
https://github.com/vasishth/SMLP2017,linguistics,2023-09-11
https://github.com/vasishth/SMLP2017,psychology,2023-09-11
https://github.com/vasishth/SMLP2017,statistics,2023-09-11
https://github.com/vasishth/SMLP2017,summer-schools,2023-09-11
https://github.com/vasishth/vasishth,config,2023-09-11
https://github.com/vasishth/vasishth,github-config,2023-09-11
https://github.com/vykimo/twitter_best_date,data,2023-09-11
https://github.com/vykimo/twitter_best_date,learning,2023-09-11
https://github.com/vykimo/twitter_best_date,machine,2023-09-11
https://github.com/vykimo/twitter_best_date,retweet,2023-09-11
https://github.com/vykimo/twitter_best_date,science,2023-09-11
https://github.com/vykimo/twitter_best_date,twitter,2023-09-11
https://github.com/whuiskamp/POEM_SLC,earth-system-modelling,2023-09-11
https://github.com/whuiskamp/POEM_SLC,mom6,2023-09-11
https://github.com/whuiskamp/POEM_SLC,pism,2023-09-11
https://github.com/whuiskamp/POEM_SLC,python,2023-09-11
https://github.com/whuiskamp/POEM_SLC,vilma,2023-09-11
