user_id,source,service,date
pfuehrlich-pik,github_org_commit,github.com,2023-07-04
0UmfHxcvx5J7JoaOhFSs5mncnisTJJ6q,github_org_commit,github.com,2023-07-04
atreyasha,github_org_commit,github.com,2023-07-04
tscheypidi,github_org_commit,github.com,2023-07-04
mppalves,github_org_commit,github.com,2023-07-04
k4rst3ns,github_org_commit,github.com,2023-07-04
dklein-pik,github_org_commit,github.com,2023-07-04
johanneskoch94,github_org_commit,github.com,2023-07-04
aodenweller,github_org_commit,github.com,2023-07-04
abhimishr,github_org_commit,github.com,2023-07-04
amnmalik,github_org_commit,github.com,2023-07-04
LaviniaBaumstark,github_org_commit,github.com,2023-07-04
bodirsky,github_org_commit,github.com,2023-07-04
giannou,github_org_commit,github.com,2023-07-04
